-20.000000;0.000000;1141.066000
-19.595960;0.000000;994.103586
-19.191919;0.000000;858.327901
-18.787879;0.000000;733.232380
-18.383838;0.000000;618.321011
-17.979798;0.000000;513.108336
-17.575758;0.000000;417.119449
-17.171717;0.000000;329.889999
-16.767677;0.000000;250.966187
-16.363636;0.000000;179.904768
-15.959596;0.000000;116.273051
-15.555556;0.000000;59.648899
-15.151515;0.000000;9.620726
-14.747475;0.000000;-34.212498
-14.343434;0.000000;-72.241250
-13.939394;0.000000;-104.845456
-13.535354;0.000000;-132.394486
-13.131313;0.000000;-155.247156
-12.727273;0.000000;-173.751731
-12.323232;0.000000;-188.245921
-11.919192;0.000000;-199.056883
-11.515152;0.000000;-206.501220
-11.111111;0.000000;-210.884983
-10.707071;0.000000;-212.503668
-10.303030;0.000000;-211.642217
-9.898990;0.000000;-208.575021
-9.494949;0.000000;-203.565916
-9.090909;0.000000;-196.868185
-8.686869;0.000000;-188.724556
-8.282828;0.000000;-179.367206
-7.878788;0.000000;-169.017758
-7.474747;0.000000;-157.887279
-7.070707;0.000000;-146.176286
-6.666667;0.000000;-134.074741
-6.262626;0.000000;-121.762052
-5.858586;0.000000;-109.407074
-5.454545;0.000000;-97.168110
-5.050505;0.000000;-85.192907
-4.646465;0.000000;-73.618660
-4.242424;0.000000;-62.572011
-3.838384;0.000000;-52.169047
-3.434343;0.000000;-42.515304
-3.030303;0.000000;-33.705762
-2.626263;0.000000;-25.824848
-2.222222;0.000000;-18.946437
-1.818182;0.000000;-13.133850
-1.414141;0.000000;-8.439853
-1.010101;0.000000;-4.906661
-0.606061;0.000000;-2.565934
-0.202020;0.000000;-1.438778
0.202020;0.000000;-1.535748
0.606061;0.000000;-2.856843
1.010101;0.000000;-5.391509
1.414141;0.000000;-9.118641
1.818182;0.000000;-14.006577
2.222222;0.000000;-20.013104
2.626263;0.000000;-27.085454
3.030303;0.000000;-35.160307
3.434343;0.000000;-44.163789
3.838384;0.000000;-54.011472
4.242424;0.000000;-64.608375
4.646465;0.000000;-75.848963
5.050505;0.000000;-87.617149
5.454545;0.000000;-99.786292
5.858586;0.000000;-112.219195
6.262626;0.000000;-124.768112
6.666667;0.000000;-137.274741
7.070707;0.000000;-149.570225
7.474747;0.000000;-161.475158
7.878788;0.000000;-172.799576
8.282828;0.000000;-183.342964
8.686869;0.000000;-192.894253
9.090909;0.000000;-201.231821
9.494949;0.000000;-208.123492
9.898990;0.000000;-213.326536
10.303030;0.000000;-216.587672
10.707071;0.000000;-217.643062
11.111111;0.000000;-216.218316
11.515152;0.000000;-212.028493
11.919192;0.000000;-204.778095
12.323232;0.000000;-194.161073
12.727273;0.000000;-179.860822
13.131313;0.000000;-161.550186
13.535354;0.000000;-138.891455
13.939394;0.000000;-111.536365
14.343434;0.000000;-79.126099
14.747475;0.000000;-41.291285
15.151515;0.000000;2.347999
15.555556;0.000000;52.182232
15.959596;0.000000;108.612445
16.363636;0.000000;172.050222
16.767677;0.000000;242.917702
17.171717;0.000000;321.647574
17.575758;0.000000;408.683085
17.979798;0.000000;504.478033
18.383838;0.000000;609.496769
18.787879;0.000000;724.214198
19.191919;0.000000;849.115780
19.595960;0.000000;984.697525
20.000000;0.000000;1131.466000
-20.000000;0.500000;1532.476000
-19.595960;0.500000;1369.788713
-19.191919;0.500000;1218.610530
-18.787879;0.500000;1078.434887
-18.383838;0.500000;948.765771
-17.979798;0.500000;829.117724
-17.575758;0.500000;719.015840
-17.171717;0.500000;617.995768
-16.767677;0.500000;525.603710
-16.363636;0.500000;441.396421
-15.959596;0.500000;364.941209
-15.555556;0.500000;295.815936
-15.151515;0.500000;233.609018
-14.747475;0.500000;177.919425
-14.343434;0.500000;128.356677
-13.939394;0.500000;84.540852
-13.535354;0.500000;46.102579
-13.131313;0.500000;12.683040
-12.727273;0.500000;-16.066029
-12.323232;0.500000;-40.482337
-11.919192;0.500000;-60.893042
-11.515152;0.500000;-77.614747
-11.111111;0.500000;-90.953502
-10.707071;0.500000;-101.204803
-10.303030;0.500000;-108.653595
-9.898990;0.500000;-113.574265
-9.494949;0.500000;-116.230652
-9.090909;0.500000;-116.876036
-8.686869;0.500000;-115.753148
-8.282828;0.500000;-113.094164
-7.878788;0.500000;-109.120705
-7.474747;0.500000;-104.043842
-7.070707;0.500000;-98.064088
-6.666667;0.500000;-91.371407
-6.262626;0.500000;-84.145207
-5.858586;0.500000;-76.554344
-5.454545;0.500000;-68.757118
-5.050505;0.500000;-60.901278
-4.646465;0.500000;-53.124020
-4.242424;0.500000;-45.551983
-3.838384;0.500000;-38.301257
-3.434343;0.500000;-31.477376
-3.030303;0.500000;-25.175321
-2.626263;0.500000;-19.479519
-2.222222;0.500000;-14.463845
-1.818182;0.500000;-10.191618
-1.414141;0.500000;-6.715608
-1.010101;0.500000;-4.078026
-0.606061;0.500000;-2.310534
-0.202020;0.500000;-1.434239
0.202020;0.500000;-1.459693
0.606061;0.500000;-2.386898
1.010101;0.500000;-4.205299
1.414141;0.500000;-6.893789
1.818182;0.500000;-10.420709
2.222222;0.500000;-14.743845
2.626263;0.500000;-19.810428
3.030303;0.500000;-25.557139
3.434343;0.500000;-31.910104
3.838384;0.500000;-38.784894
4.242424;0.500000;-46.086529
4.646465;0.500000;-53.709474
5.050505;0.500000;-61.537642
5.454545;0.500000;-69.444391
5.858586;0.500000;-77.292526
6.262626;0.500000;-84.934298
6.666667;0.500000;-92.211407
7.070707;0.500000;-98.954997
7.474747;0.500000;-104.985660
7.878788;0.500000;-110.113433
8.282828;0.500000;-114.137800
8.686869;0.500000;-116.847694
9.090909;0.500000;-118.021491
9.494949;0.500000;-117.427015
9.898990;0.500000;-114.821538
10.303030;0.500000;-109.951776
10.707071;0.500000;-102.553894
11.111111;0.500000;-92.353502
11.515152;0.500000;-79.065656
11.919192;0.500000;-62.394860
12.323232;0.500000;-42.035064
12.727273;0.500000;-17.669665
13.131313;0.500000;11.028494
13.535354;0.500000;44.397124
13.939394;0.500000;82.784489
14.343434;0.500000;126.549405
14.747475;0.500000;176.061243
15.151515;0.500000;231.699927
15.555556;0.500000;293.855936
15.959596;0.500000;362.930300
16.363636;0.500000;439.334603
16.767677;0.500000;523.490983
17.171717;0.500000;615.832132
17.575758;0.500000;716.801295
17.979798;0.500000;826.852269
18.383838;0.500000;946.449407
18.787879;0.500000;1076.067614
19.191919;0.500000;1216.192348
19.595960;0.500000;1367.319622
20.000000;0.500000;1529.956000
-20.000000;1.000000;1937.786000
-19.595960;1.000000;1759.158351
-19.191919;1.000000;1592.359489
-18.787879;1.000000;1436.882848
-18.383838;1.000000;1292.232416
-17.979798;1.000000;1157.922735
-17.575758;1.000000;1033.478898
-17.171717;1.000000;918.436555
-16.767677;1.000000;812.341907
-16.363636;1.000000;714.751710
-15.959596;1.000000;625.233272
-15.555556;1.000000;543.364455
-15.151515;1.000000;468.733674
-14.747475;1.000000;400.939899
-14.343434;1.000000;339.592652
-13.939394;1.000000;284.312009
-13.535354;1.000000;234.728600
-13.131313;1.000000;190.483606
-12.727273;1.000000;151.228765
-12.323232;1.000000;116.626365
-11.919192;1.000000;86.349251
-11.515152;1.000000;60.080818
-11.111111;1.000000;37.515017
-10.707071;1.000000;18.356351
-10.303030;1.000000;2.319877
-9.898990;1.000000;-10.868795
-9.494949;1.000000;-21.473501
-9.090909;1.000000;-29.747524
-8.686869;1.000000;-35.933592
-8.282828;1.000000;-40.263882
-7.878788;1.000000;-42.960017
-7.474747;1.000000;-44.233064
-7.070707;1.000000;-44.283540
-6.666667;1.000000;-43.301407
-6.262626;1.000000;-41.466074
-5.858586;1.000000;-38.946395
-5.454545;1.000000;-35.900672
-5.050505;1.000000;-32.476653
-4.646465;1.000000;-28.811534
-4.242424;1.000000;-25.031956
-3.838384;1.000000;-21.254006
-3.434343;1.000000;-17.583220
-3.030303;1.000000;-14.114577
-2.626263;1.000000;-10.932506
-2.222222;1.000000;-8.110882
-1.818182;1.000000;-5.713023
-1.414141;1.000000;-3.791699
-1.010101;1.000000;-2.389122
-0.606061;1.000000;-1.536953
-0.202020;1.000000;-1.256299
0.202020;1.000000;-1.557713
0.606061;1.000000;-2.441195
1.010101;1.000000;-3.896193
1.414141;1.000000;-5.901598
1.818182;1.000000;-8.425751
2.222222;1.000000;-11.426437
2.626263;1.000000;-14.850890
3.030303;1.000000;-18.635789
3.434343;1.000000;-22.707260
3.838384;1.000000;-26.980875
4.242424;1.000000;-31.361653
4.646465;1.000000;-35.744059
5.050505;1.000000;-40.012007
5.454545;1.000000;-44.038853
5.858586;1.000000;-47.687405
6.262626;1.000000;-50.809912
6.666667;1.000000;-53.248074
7.070707;1.000000;-54.833035
7.474747;1.000000;-55.385387
7.878788;1.000000;-54.715168
8.282828;1.000000;-52.621862
8.686869;1.000000;-48.894400
9.090909;1.000000;-43.311160
9.494949;1.000000;-35.639966
9.898990;1.000000;-25.638088
10.303030;1.000000;-13.052245
10.707071;1.000000;2.381401
11.111111;1.000000;20.937239
11.515152;1.000000;42.900212
11.919192;1.000000;68.565817
12.323232;1.000000;98.240103
12.727273;1.000000;132.239674
13.131313;1.000000;170.891687
13.535354;1.000000;214.533852
13.939394;1.000000;263.514434
14.343434;1.000000;318.192248
14.747475;1.000000;378.936667
15.151515;1.000000;446.127613
15.555556;1.000000;520.155566
15.959596;1.000000;601.421555
16.363636;1.000000;690.337165
16.767677;1.000000;787.324534
17.171717;1.000000;892.816353
17.575758;1.000000;1007.255868
17.979798;1.000000;1131.096876
18.383838;1.000000;1264.803729
18.787879;1.000000;1408.851333
19.191919;1.000000;1563.725146
19.595960;1.000000;1729.921180
20.000000;1.000000;1907.946000
-20.000000;1.500000;2356.996000
-19.595960;1.500000;2162.212502
-19.191919;1.500000;1979.574779
-18.787879;1.500000;1808.576264
-18.383838;1.500000;1648.720947
-17.979798;1.500000;1499.523368
-17.575758;1.500000;1360.508623
-17.171717;1.500000;1231.212359
-16.767677;1.500000;1111.180778
-16.363636;1.500000;999.970636
-15.959596;1.500000;897.149240
-15.555556;1.500000;802.294455
-15.151515;1.500000;714.994693
-14.747475;1.500000;634.848926
-14.343434;1.500000;561.466674
-13.939394;1.500000;494.468015
-13.535354;1.500000;433.483577
-13.131313;1.500000;378.154543
-12.727273;1.500000;328.132649
-12.323232;1.500000;283.080185
-11.919192;1.500000;242.669995
-11.515152;1.500000;206.585474
-11.111111;1.500000;174.520572
-10.707071;1.500000;146.179794
-10.303030;1.500000;121.278196
-9.898990;1.500000;99.541388
-9.494949;1.500000;80.705535
-9.090909;1.500000;64.517352
-8.686869;1.500000;50.734112
-8.282828;1.500000;39.123638
-7.878788;1.500000;29.464308
-7.474747;1.500000;21.545053
-7.070707;1.500000;15.165358
-6.666667;1.500000;10.135259
-6.262626;1.500000;6.275350
-5.858586;1.500000;3.416773
-5.454545;1.500000;1.401229
-5.050505;1.500000;0.080968
-4.646465;1.500000;-0.681204
-4.242424;1.500000;-1.011928
-3.838384;1.500000;-1.027294
-3.434343;1.500000;-0.832834
-3.030303;1.500000;-0.523530
-2.626263;1.500000;-0.183810
-2.222222;1.500000;0.112452
-1.818182;1.500000;0.301935
-1.414141;1.500000;0.331873
-1.010101;1.500000;0.160052
-0.606061;1.500000;-0.245190
-0.202020;1.500000;-0.904958
0.202020;1.500000;-1.829807
0.606061;1.500000;-3.019735
1.010101;1.500000;-4.464191
1.414141;1.500000;-6.142066
1.818182;1.500000;-8.021701
2.222222;1.500000;-10.060882
2.626263;1.500000;-12.206841
3.030303;1.500000;-14.396258
3.434343;1.500000;-16.555258
3.838384;1.500000;-18.599415
4.242424;1.500000;-20.433747
4.646465;1.500000;-21.952719
5.050505;1.500000;-23.040244
5.454545;1.500000;-23.569680
5.858586;1.500000;-23.403833
6.262626;1.500000;-22.394953
6.666667;1.500000;-20.384741
7.070707;1.500000;-17.204339
7.474747;1.500000;-12.674341
7.878788;1.500000;-6.604782
8.282828;1.500000;1.204851
8.686869;1.500000;10.965627
9.090909;1.500000;22.899171
9.494949;1.500000;37.237656
9.898990;1.500000;54.223812
10.303030;1.500000;74.110923
10.707071;1.500000;97.162825
11.111111;1.500000;123.653906
11.515152;1.500000;153.869110
11.919192;1.500000;188.103934
12.323232;1.500000;226.664428
12.727273;1.500000;269.867195
13.131313;1.500000;318.039391
13.535354;1.500000;371.518728
13.939394;1.500000;430.653469
14.343434;1.500000;495.802432
14.747475;1.500000;567.334986
15.151515;1.500000;645.631057
15.555556;1.500000;731.081121
15.959596;1.500000;824.086210
16.363636;1.500000;925.057908
16.767677;1.500000;1034.418354
17.171717;1.500000;1152.600237
17.575758;1.500000;1280.046804
17.979798;1.500000;1417.211853
18.383838;1.500000;1564.559735
18.787879;1.500000;1722.565355
19.191919;1.500000;1891.714173
19.595960;1.500000;2072.502199
20.000000;1.500000;2265.436000
-20.000000;2.000000;2790.106000
-19.595960;2.000000;2578.951164
-19.191919;2.000000;2380.256398
-18.787879;2.000000;2193.515135
-18.383838;2.000000;2018.231363
-17.979798;2.000000;1853.919625
-17.575758;2.000000;1700.105014
-17.171717;2.000000;1556.323179
-16.767677;2.000000;1422.120322
-16.363636;2.000000;1297.053198
-15.959596;2.000000;1180.689115
-15.555556;2.000000;1072.605936
-15.151515;2.000000;972.392076
-14.747475;2.000000;879.646505
-14.343434;2.000000;793.978744
-13.939394;2.000000;715.008869
-13.535354;2.000000;642.367510
-13.131313;2.000000;575.695850
-12.727273;2.000000;514.645624
-12.323232;2.000000;458.879123
-11.919192;2.000000;408.069190
-11.515152;2.000000;361.899220
-11.111111;2.000000;320.063165
-10.707071;2.000000;282.265527
-10.303030;2.000000;248.221364
-9.898990;2.000000;217.656286
-9.494949;2.000000;190.306456
-9.090909;2.000000;165.918592
-8.686869;2.000000;144.249965
-8.282828;2.000000;125.068398
-7.878788;2.000000;108.152270
-7.474747;2.000000;93.290511
-7.070707;2.000000;80.282606
-6.666667;2.000000;68.938593
-6.262626;2.000000;59.079062
-5.858586;2.000000;50.535160
-5.454545;2.000000;43.148585
-5.050505;2.000000;36.771587
-4.646465;2.000000;31.266972
-4.242424;2.000000;26.508099
-3.838384;2.000000;22.378880
-3.434343;2.000000;18.773781
-3.030303;2.000000;15.597820
-2.626263;2.000000;12.766569
-2.222222;2.000000;10.206155
-1.818182;2.000000;7.853258
-1.414141;2.000000;5.655109
-1.010101;2.000000;3.569495
-0.606061;2.000000;1.564755
-0.202020;2.000000;-0.380217
0.202020;2.000000;-2.275974
0.606061;2.000000;-4.122518
1.010101;2.000000;-5.909293
1.414141;2.000000;-7.615194
1.818182;2.000000;-9.208560
2.222222;2.000000;-10.647178
2.626263;2.000000;-11.878279
3.030303;2.000000;-12.838544
3.434343;2.000000;-13.454098
3.838384;2.000000;-13.640514
4.242424;2.000000;-13.302810
4.646465;2.000000;-12.335452
5.050505;2.000000;-10.622353
5.454545;2.000000;-8.036870
5.858586;2.000000;-4.441809
6.262626;2.000000;0.310578
6.666667;2.000000;6.378593
7.070707;2.000000;13.931091
7.474747;2.000000;23.147481
7.878788;2.000000;34.217724
8.282828;2.000000;47.342338
8.686869;2.000000;62.732389
9.090909;2.000000;80.609501
9.494949;2.000000;101.205850
9.898990;2.000000;124.764164
10.303030;2.000000;151.537728
10.707071;2.000000;181.790376
11.111111;2.000000;215.796498
11.515152;2.000000;253.841039
11.919192;2.000000;296.219493
12.323232;2.000000;343.237911
12.727273;2.000000;395.212897
13.131313;2.000000;452.471607
13.535354;2.000000;515.351753
13.939394;2.000000;584.201596
14.343434;2.000000;659.379956
14.747475;2.000000;741.256202
15.151515;2.000000;830.210258
15.555556;2.000000;926.632603
15.959596;2.000000;1030.924266
16.363636;2.000000;1143.496834
16.767677;2.000000;1264.772443
17.171717;2.000000;1395.183785
17.575758;2.000000;1535.174105
17.979798;2.000000;1685.197200
18.383838;2.000000;1845.717424
18.787879;2.000000;2017.209680
19.191919;2.000000;2200.159428
19.595960;2.000000;2395.062680
20.000000;2.000000;2602.426000
-20.000000;2.500000;3237.116000
-19.595960;2.500000;3009.374339
-19.191919;2.500000;2794.404347
-18.787879;2.500000;2591.699460
-18.383838;2.500000;2400.763665
-17.979798;2.500000;2221.111504
-17.575758;2.500000;2052.268072
-17.171717;2.500000;1893.769016
-16.767677;2.500000;1745.160539
-16.363636;2.500000;1605.999396
-15.959596;2.500000;1475.852895
-15.555556;2.500000;1354.298899
-15.151515;2.500000;1240.925823
-14.747475;2.500000;1135.332636
-14.343434;2.500000;1037.128860
-13.939394;2.500000;945.934571
-13.535354;2.500000;861.380400
-13.131313;2.500000;783.107527
-12.727273;2.500000;710.767690
-12.323232;2.500000;644.023179
-11.919192;2.500000;582.546836
-11.515152;2.500000;526.022058
-11.111111;2.500000;474.142795
-10.707071;2.500000;426.613550
-10.303030;2.500000;383.149381
-9.898990;2.500000;343.475897
-9.494949;2.500000;307.329263
-9.090909;2.500000;274.456195
-8.686869;2.500000;244.613965
-8.282828;2.500000;217.570397
-7.878788;2.500000;193.103868
-7.474747;2.500000;171.003309
-7.070707;2.500000;151.068204
-6.666667;2.500000;133.108593
-6.262626;2.500000;116.945065
-5.858586;2.500000;102.408766
-5.454545;2.500000;89.341394
-5.050505;2.500000;77.595202
-4.646465;2.500000;67.032993
-4.242424;2.500000;57.528127
-3.838384;2.500000;48.964515
-3.434343;2.500000;41.236624
-3.030303;2.500000;34.249472
-2.626263;2.500000;27.918632
-2.222222;2.500000;22.170230
-1.818182;2.500000;16.940944
-1.414141;2.500000;12.178007
-1.010101;2.500000;7.839207
-0.606061;2.500000;3.892882
-0.202020;2.500000;0.317925
0.202020;2.500000;-2.896216
0.606061;2.500000;-5.749542
1.010101;2.500000;-8.231500
1.414141;2.500000;-10.320983
1.818182;2.500000;-11.986329
2.222222;2.500000;-13.185326
2.626263;2.500000;-13.865206
3.030303;2.500000;-13.962649
3.434343;2.500000;-13.403780
3.838384;2.500000;-12.104171
4.242424;2.500000;-9.968843
4.646465;2.500000;-6.892260
5.050505;2.500000;-2.758334
5.454545;2.500000;2.559576
5.858586;2.500000;9.198665
6.262626;2.500000;17.306681
6.666667;2.500000;27.041926
7.070707;2.500000;38.573255
7.474747;2.500000;52.080076
7.878788;2.500000;67.752353
8.282828;2.500000;85.790599
8.686869;2.500000;106.405885
9.090909;2.500000;129.819832
9.494949;2.500000;156.264616
9.898990;2.500000;185.982968
10.303030;2.500000;219.228169
10.707071;2.500000;256.264055
11.111111;2.500000;297.365017
11.515152;2.500000;342.815997
11.919192;2.500000;392.912492
12.323232;2.500000;447.960553
12.727273;2.500000;508.276781
13.131313;2.500000;574.188335
13.535354;2.500000;646.032925
13.939394;2.500000;724.158814
14.343434;2.500000;808.924819
14.747475;2.500000;900.700312
15.151515;2.500000;999.865217
15.555556;2.500000;1106.810010
15.959596;2.500000;1221.935723
16.363636;2.500000;1345.653941
16.767677;2.500000;1478.386802
17.171717;2.500000;1620.566996
17.575758;2.500000;1772.637769
17.979798;2.500000;1935.052918
18.383838;2.500000;2108.276796
18.787879;2.500000;2292.784308
19.191919;2.500000;2489.060913
19.595960;2.500000;2697.602621
20.000000;2.500000;2918.916000
-20.000000;3.000000;3698.026000
-19.595960;3.000000;3453.482025
-19.191919;3.000000;3222.018626
-18.787879;3.000000;3003.129240
-18.383838;3.000000;2796.317852
-17.979798;3.000000;2601.099006
-17.575758;3.000000;2416.997796
-17.171717;3.000000;2243.549870
-16.767677;3.000000;2080.301430
-16.363636;3.000000;1926.809231
-15.959596;3.000000;1782.640581
-15.555556;3.000000;1647.373343
-15.151515;3.000000;1520.595933
-14.747475;3.000000;1401.907319
-14.343434;3.000000;1290.917023
-13.939394;3.000000;1187.245122
-13.535354;3.000000;1090.522245
-13.131313;3.000000;1000.389575
-12.727273;3.000000;916.498847
-12.323232;3.000000;838.512353
-11.919192;3.000000;766.102933
-11.515152;3.000000;698.953986
-11.111111;3.000000;636.759461
-10.707071;3.000000;579.223862
-10.303030;3.000000;526.062246
-9.898990;3.000000;477.000222
-9.494949;3.000000;431.773955
-9.090909;3.000000;390.130162
-8.686869;3.000000;351.826114
-8.282828;3.000000;316.629635
-7.878788;3.000000;284.319102
-7.474747;3.000000;254.683446
-7.070707;3.000000;227.522153
-6.666667;3.000000;202.645259
-6.262626;3.000000;179.873357
-5.858586;3.000000;159.037591
-5.454545;3.000000;139.979659
-5.050505;3.000000;122.551813
-4.646465;3.000000;106.616859
-4.242424;3.000000;92.048154
-3.838384;3.000000;78.729612
-3.434343;3.000000;66.555697
-3.030303;3.000000;55.431428
-2.626263;3.000000;45.272379
-2.222222;3.000000;36.004674
-1.818182;3.000000;27.564993
-1.414141;3.000000;19.900569
-1.010101;3.000000;12.969188
-0.606061;3.000000;6.739190
-0.202020;3.000000;1.189468
0.202020;3.000000;-3.690532
0.606061;3.000000;-7.900810
1.010101;3.000000;-11.430812
1.414141;3.000000;-14.259431
1.818182;3.000000;-16.355007
2.222222;3.000000;-17.675326
2.626263;3.000000;-18.167621
3.030303;3.000000;-17.768572
3.434343;3.000000;-16.404303
3.838384;3.000000;-13.990388
4.242424;3.000000;-10.431846
4.646465;3.000000;-5.623141
5.050505;3.000000;0.551813
5.454545;3.000000;8.219659
5.858586;3.000000;17.517591
6.262626;3.000000;28.593357
6.666667;3.000000;41.605259
7.070707;3.000000;56.722153
7.474747;3.000000;74.123446
7.878788;3.000000;93.999102
8.282828;3.000000;116.549635
8.686869;3.000000;141.986114
9.090909;3.000000;170.530162
9.494949;3.000000;202.413955
9.898990;3.000000;237.880222
10.303030;3.000000;277.182246
10.707071;3.000000;320.583862
11.111111;3.000000;368.359461
11.515152;3.000000;420.793986
11.919192;3.000000;478.182933
12.323232;3.000000;540.832353
12.727273;3.000000;609.058847
13.131313;3.000000;683.189575
13.535354;3.000000;763.562245
13.939394;3.000000;850.525122
14.343434;3.000000;944.437023
14.747475;3.000000;1045.667319
15.151515;3.000000;1154.595933
15.555556;3.000000;1271.613343
15.959596;3.000000;1397.120581
16.363636;3.000000;1531.529231
16.767677;3.000000;1675.261430
17.171717;3.000000;1828.749870
17.575758;3.000000;1992.437796
17.979798;3.000000;2166.779006
18.383838;3.000000;2352.237852
18.787879;3.000000;2549.289240
19.191919;3.000000;2758.418626
19.595960;3.000000;2980.122025
20.000000;3.000000;3214.906000
-20.000000;3.500000;4172.836000
-19.595960;3.500000;3911.274222
-19.191919;3.500000;3663.099235
-18.787879;3.500000;3427.804474
-18.383838;3.500000;3204.893925
-17.979798;3.500000;2993.882132
-17.575758;3.500000;2794.294187
-17.171717;3.500000;2605.665741
-16.767677;3.500000;2427.542994
-16.363636;3.500000;2259.482702
-15.959596;3.500000;2101.052173
-15.555556;3.500000;1951.829269
-15.151515;3.500000;1811.402407
-14.747475;3.500000;1679.370554
-14.343434;3.500000;1555.343234
-13.939394;3.500000;1438.940522
-13.535354;3.500000;1329.793047
-13.131313;3.500000;1227.541993
-12.727273;3.500000;1131.839095
-12.323232;3.500000;1042.346644
-11.919192;3.500000;958.737482
-11.515152;3.500000;880.695005
-11.111111;3.500000;807.913165
-10.707071;3.500000;740.096464
-10.303030;3.500000;676.959959
-9.898990;3.500000;618.229261
-9.494949;3.500000;563.640533
-9.090909;3.500000;512.940493
-8.686869;3.500000;465.886411
-8.282828;3.500000;422.246112
-7.878788;3.500000;381.797972
-7.474747;3.500000;344.330924
-7.070707;3.500000;309.644452
-6.666667;3.500000;277.548593
-6.262626;3.500000;247.863939
-5.858586;3.500000;220.421634
-5.454545;3.500000;195.063378
-5.050505;3.500000;171.641421
-4.646465;3.500000;150.018570
-4.242424;3.500000;130.068182
-3.838384;3.500000;111.674170
-3.434343;3.500000;94.730998
-3.030303;3.500000;79.143687
-2.626263;3.500000;64.827809
-2.222222;3.500000;51.709489
-1.818182;3.500000;39.725406
-1.414141;3.500000;28.822795
-1.010101;3.500000;18.959439
-0.606061;3.500000;10.103681
-0.202020;3.500000;2.234411
0.202020;3.500000;-4.658922
0.606061;3.500000;-10.576319
1.010101;3.500000;-15.507227
1.414141;3.500000;-19.430539
1.818182;3.500000;-22.314594
2.222222;3.500000;-24.117178
2.626263;3.500000;-24.785524
3.030303;3.500000;-24.256313
3.434343;3.500000;-22.455668
3.838384;3.500000;-19.299164
4.242424;3.500000;-14.691818
4.646465;3.500000;-8.528097
5.050505;3.500000;-0.691912
5.454545;3.500000;8.943378
5.858586;3.500000;20.514968
6.262626;3.500000;34.170605
6.666667;3.500000;50.068593
7.070707;3.500000;68.377785
7.474747;3.500000;89.277591
7.878788;3.500000;112.957972
8.282828;3.500000;139.619445
8.686869;3.500000;169.473078
9.090909;3.500000;202.740493
9.494949;3.500000;239.653866
9.898990;3.500000;280.455928
10.303030;3.500000;325.399959
10.707071;3.500000;374.749797
11.111111;3.500000;428.779832
11.515152;3.500000;487.775005
11.919192;3.500000;552.030815
12.323232;3.500000;621.853311
12.727273;3.500000;697.559095
13.131313;3.500000;779.475326
13.535354;3.500000;867.939714
13.939394;3.500000;963.300522
14.343434;3.500000;1065.916567
14.747475;3.500000;1176.157221
15.151515;3.500000;1294.402407
15.555556;3.500000;1421.042603
15.959596;3.500000;1556.478839
16.363636;3.500000;1701.122702
16.767677;3.500000;1855.396327
17.171717;3.500000;2019.732408
17.575758;3.500000;2194.574187
17.979798;3.500000;2380.375465
18.383838;3.500000;2577.600592
18.787879;3.500000;2786.724474
19.191919;3.500000;3008.232569
19.595960;3.500000;3242.620889
20.000000;3.500000;3490.396000
-20.000000;4.000000;4661.546000
-19.595960;4.000000;4382.750932
-19.191919;4.000000;4117.646174
-18.787879;4.000000;3865.725162
-18.383838;4.000000;3626.491884
-17.979798;4.000000;3399.460880
-17.575758;4.000000;3184.157245
-17.171717;4.000000;2980.116629
-16.767677;4.000000;2786.885232
-16.363636;4.000000;2604.019809
-15.959596;4.000000;2431.087670
-15.555556;4.000000;2267.666677
-15.151515;4.000000;2113.345244
-14.747475;4.000000;1967.722342
-14.343434;4.000000;1830.407492
-13.939394;4.000000;1701.020770
-13.535354;4.000000;1579.192805
-13.131313;4.000000;1464.564782
-12.727273;4.000000;1356.788434
-12.323232;4.000000;1255.526053
-11.919192;4.000000;1160.450481
-11.515152;4.000000;1071.245116
-11.111111;4.000000;987.603906
-10.707071;4.000000;909.231355
-10.303030;4.000000;835.842521
-9.898990;4.000000;767.163014
-9.494949;4.000000;702.928996
-9.090909;4.000000;642.887187
-8.686869;4.000000;586.794856
-8.282828;4.000000;534.419828
-7.878788;4.000000;485.540479
-7.474747;4.000000;439.945742
-7.070707;4.000000;397.435101
-6.666667;4.000000;357.818593
-6.262626;4.000000;320.916810
-5.858586;4.000000;286.560897
-5.454545;4.000000;254.592551
-5.050505;4.000000;224.864026
-4.646465;4.000000;197.238126
-4.242424;4.000000;171.588209
-3.838384;4.000000;147.798189
-3.434343;4.000000;125.762529
-3.030303;4.000000;105.386249
-2.626263;4.000000;86.584922
-2.222222;4.000000;69.284674
-1.818182;4.000000;53.422183
-1.414141;4.000000;38.944683
-1.010101;4.000000;25.809960
-0.606061;4.000000;13.986353
-0.202020;4.000000;3.452755
0.202020;4.000000;-5.801386
0.606061;4.000000;-13.776071
1.010101;4.000000;-20.460747
1.414141;4.000000;-25.834307
1.818182;4.000000;-29.865089
2.222222;4.000000;-32.510882
2.626263;4.000000;-33.718916
3.030303;4.000000;-33.425872
3.434343;4.000000;-31.557875
3.838384;4.000000;-28.030498
4.242424;4.000000;-22.748760
4.646465;4.000000;-15.607127
5.050505;4.000000;-6.489509
5.454545;4.000000;4.730733
5.858586;4.000000;18.190795
6.262626;4.000000;34.038426
6.666667;4.000000;52.431926
7.070707;4.000000;73.540151
7.474747;4.000000;97.542510
7.878788;4.000000;124.628964
8.282828;4.000000;155.000030
8.686869;4.000000;188.866775
9.090909;4.000000;226.450823
9.494949;4.000000;267.984350
9.898990;4.000000;313.710084
10.303030;4.000000;363.881309
10.707071;4.000000;418.761860
11.111111;4.000000;478.626128
11.515152;4.000000;543.759055
11.919192;4.000000;614.456138
12.323232;4.000000;691.023427
12.727273;4.000000;773.777525
13.131313;4.000000;863.045590
13.535354;4.000000;959.165331
13.939394;4.000000;1062.485012
14.343434;4.000000;1173.363451
14.747475;4.000000;1292.170018
15.151515;4.000000;1419.284638
15.555556;4.000000;1555.097788
15.959596;4.000000;1700.010498
16.363636;4.000000;1854.434355
16.767677;4.000000;2018.791494
17.171717;4.000000;2193.514608
17.575758;4.000000;2379.046942
17.979798;4.000000;2575.842294
18.383838;4.000000;2784.365015
18.787879;4.000000;3005.090011
19.191919;4.000000;3238.502740
19.595960;4.000000;3485.099215
20.000000;4.000000;3745.386000
-20.000000;4.500000;5164.156000
-19.595960;4.500000;4867.912153
-19.191919;4.500000;4585.659443
-18.787879;4.500000;4316.891306
-18.383838;4.500000;4061.111728
-17.979798;4.500000;3817.835251
-17.575758;4.500000;3586.586970
-17.171717;4.500000;3366.902533
-16.767677;4.500000;3158.328142
-16.363636;4.500000;2960.420553
-15.959596;4.500000;2772.747073
-15.555556;4.500000;2594.885566
-15.151515;4.500000;2426.424445
-14.747475;4.500000;2266.962681
-14.343434;4.500000;2116.109796
-13.939394;4.500000;1973.485866
-13.535354;4.500000;1838.721520
-13.131313;4.500000;1711.457940
-12.727273;4.500000;1591.346864
-12.323232;4.500000;1478.050580
-11.919192;4.500000;1371.241932
-11.515152;4.500000;1270.604317
-11.111111;4.500000;1175.831684
-10.707071;4.500000;1086.628536
-10.303030;4.500000;1002.709932
-9.898990;4.500000;923.801480
-9.494949;4.500000;849.639345
-9.090909;4.500000;779.970245
-8.686869;4.500000;714.551449
-8.282828;4.500000;653.150783
-7.878788;4.500000;595.546622
-7.474747;4.500000;541.527900
-7.070707;4.500000;490.894100
-6.666667;4.500000;443.455259
-6.262626;4.500000;399.031970
-5.858586;4.500000;357.455378
-5.454545;4.500000;318.567180
-5.050505;4.500000;282.219628
-4.646465;4.500000;248.275527
-4.242424;4.500000;216.608237
-3.838384;4.500000;187.101669
-3.434343;4.500000;159.650288
-3.030303;4.500000;134.159114
-2.626263;4.500000;110.543719
-2.222222;4.500000;88.730230
-1.818182;4.500000;68.655324
-1.414141;4.500000;50.266235
-1.010101;4.500000;33.520750
-0.606061;4.500000;18.387207
-0.202020;4.500000;4.844500
0.202020;4.500000;-7.117924
0.606061;4.500000;-17.500066
1.010101;4.500000;-26.291372
1.414141;4.500000;-33.470735
1.818182;4.500000;-39.006494
2.222222;4.500000;-42.856437
2.626263;4.500000;-44.967796
3.030303;4.500000;-45.277249
3.434343;4.500000;-43.710924
3.838384;4.500000;-40.184392
4.242424;4.500000;-34.602672
4.646465;4.500000;-26.860230
5.050505;4.500000;-16.840978
5.454545;4.500000;-4.418275
5.858586;4.500000;10.545075
6.262626;4.500000;28.196819
6.666667;4.500000;48.695259
7.070707;4.500000;72.209251
7.474747;4.500000;98.918203
7.878788;4.500000;129.012077
8.282828;4.500000;162.691389
8.686869;4.500000;200.167207
9.090909;4.500000;241.661154
9.494949;4.500000;287.405406
9.898990;4.500000;337.642692
10.303030;4.500000;392.626295
10.707071;4.500000;452.620051
11.111111;4.500000;517.898350
11.515152;4.500000;588.746135
11.919192;4.500000;665.458902
12.323232;4.500000;748.342701
12.727273;4.500000;837.714137
13.131313;4.500000;933.900365
13.535354;4.500000;1037.239096
13.939394;4.500000;1148.078593
14.343434;4.500000;1266.777675
14.747475;4.500000;1393.705712
15.151515;4.500000;1529.242627
15.555556;4.500000;1673.778899
15.959596;4.500000;1827.715558
16.363636;4.500000;1991.464189
16.767677;4.500000;2165.446930
17.171717;4.500000;2350.096472
17.575758;4.500000;2545.856061
17.979798;4.500000;2753.179493
18.383838;4.500000;2972.531122
18.787879;4.500000;3204.385851
19.191919;4.500000;3449.229140
19.595960;4.500000;3707.557002
20.000000;4.500000;3979.876000
-20.000000;5.000000;5680.666000
-19.595960;5.000000;5366.757886
-19.191919;5.000000;5067.139043
-18.787879;5.000000;4781.302903
-18.383838;5.000000;4508.753457
-17.979798;5.000000;4249.005245
-17.575758;5.000000;4001.583361
-17.171717;5.000000;3766.023454
-16.767677;5.000000;3541.871727
-16.363636;5.000000;3328.684933
-15.959596;5.000000;3126.030382
-15.555556;5.000000;2933.485936
-15.151515;5.000000;2750.640010
-14.747475;5.000000;2577.091573
-14.343434;5.000000;2412.450148
-13.939394;5.000000;2256.335811
-13.535354;5.000000;2108.379191
-13.131313;5.000000;1968.221470
-12.727273;5.000000;1835.514385
-12.323232;5.000000;1709.920225
-11.919192;5.000000;1591.111834
-11.515152;5.000000;1478.772609
-11.111111;5.000000;1372.596498
-10.707071;5.000000;1272.288007
-10.303030;5.000000;1177.562191
-9.898990;5.000000;1088.144660
-9.494949;5.000000;1003.771580
-9.090909;5.000000;924.189666
-8.686869;5.000000;849.156191
-8.282828;5.000000;778.438977
-7.878788;5.000000;711.816402
-7.474747;5.000000;649.077398
-7.070707;5.000000;590.021449
-6.666667;5.000000;534.458593
-6.262626;5.000000;482.209421
-5.858586;5.000000;433.105078
-5.454545;5.000000;386.987262
-5.050505;5.000000;343.708226
-4.646465;5.000000;303.130774
-4.242424;5.000000;265.128265
-3.838384;5.000000;229.584610
-3.434343;5.000000;196.394277
-3.030303;5.000000;165.462282
-2.626263;5.000000;136.704200
-2.222222;5.000000;110.046155
-1.818182;5.000000;85.424828
-1.414141;5.000000;62.787450
-1.010101;5.000000;42.091809
-0.606061;5.000000;23.306243
-0.202020;5.000000;6.409645
0.202020;5.000000;-8.608536
0.606061;5.000000;-21.748303
1.010101;5.000000;-32.999100
1.414141;5.000000;-42.339822
1.818182;5.000000;-49.738808
2.222222;5.000000;-55.153845
2.626263;5.000000;-58.532164
3.030303;5.000000;-59.810445
3.434343;5.000000;-58.914814
3.838384;5.000000;-55.760844
4.242424;5.000000;-50.253554
4.646465;5.000000;-42.287408
5.050505;5.000000;-31.746320
5.454545;5.000000;-18.503647
5.858586;5.000000;-2.422195
6.262626;5.000000;16.645784
6.666667;5.000000;38.858593
7.070707;5.000000;64.385085
7.474747;5.000000;93.404671
7.878788;5.000000;126.107311
8.282828;5.000000;162.693522
8.686869;5.000000;203.374372
9.090909;5.000000;248.371485
9.494949;5.000000;297.917034
9.898990;5.000000;352.253751
10.303030;5.000000;411.634918
10.707071;5.000000;476.324370
11.111111;5.000000;546.596498
11.515152;5.000000;622.736245
11.919192;5.000000;705.039107
12.323232;5.000000;793.811134
12.727273;5.000000;889.368930
13.131313;5.000000;992.039651
13.535354;5.000000;1102.161009
13.939394;5.000000;1220.081266
14.343434;5.000000;1346.159239
14.747475;5.000000;1480.764301
15.151515;5.000000;1624.276374
15.555556;5.000000;1777.085936
15.959596;5.000000;1939.594019
16.363636;5.000000;2112.212206
16.767677;5.000000;2295.362636
17.171717;5.000000;2489.478000
17.575758;5.000000;2695.001543
17.979798;5.000000;2912.387063
18.383838;5.000000;3142.098912
18.787879;5.000000;3384.611994
19.191919;5.000000;3640.411770
19.595960;5.000000;3909.994250
20.000000;5.000000;4193.866000
-20.000000;5.500000;6211.076000
-19.595960;5.500000;5879.288131
-19.191919;5.500000;5562.084971
-18.787879;5.500000;5258.959956
-18.383838;5.500000;4969.417072
-17.979798;5.500000;4692.970861
-17.575758;5.500000;4429.146419
-17.171717;5.500000;4177.479393
-16.767677;5.500000;3937.515984
-16.363636;5.500000;3708.812950
-15.959596;5.500000;3490.937597
-15.555556;5.500000;3283.467788
-15.151515;5.500000;3085.991938
-14.747475;5.500000;2898.109018
-14.343434;5.500000;2719.428548
-13.939394;5.500000;2549.570604
-13.535354;5.500000;2388.165817
-13.131313;5.500000;2234.855369
-12.727273;5.500000;2089.290996
-12.323232;5.500000;1951.134988
-11.919192;5.500000;1820.060188
-11.515152;5.500000;1695.749992
-11.111111;5.500000;1577.898350
-10.707071;5.500000;1466.209767
-10.303030;5.500000;1360.399298
-9.898990;5.500000;1260.192554
-9.494949;5.500000;1165.325700
-9.090909;5.500000;1075.545452
-8.686869;5.500000;990.609080
-8.282828;5.500000;910.284410
-7.878788;5.500000;834.349818
-7.474747;5.500000;762.594236
-7.070707;5.500000;694.817148
-6.666667;5.500000;630.828593
-6.262626;5.500000;570.449160
-5.858586;5.500000;513.509997
-5.454545;5.500000;459.852799
-5.050505;5.500000;409.329821
-4.646465;5.500000;361.803865
-4.242424;5.500000;317.148292
-3.838384;5.500000;275.247013
-3.434343;5.500000;235.994494
-3.030303;5.500000;199.295753
-2.626263;5.500000;165.066364
-2.222222;5.500000;133.232452
-1.818182;5.500000;103.730696
-1.414141;5.500000;76.508329
-1.010101;5.500000;51.523137
-0.606061;5.500000;28.743460
-0.202020;5.500000;8.148192
0.202020;5.500000;-10.273223
0.606061;5.500000;-26.520782
1.010101;5.500000;-40.583934
1.414141;5.500000;-52.441570
1.818182;5.500000;-62.062032
2.222222;5.500000;-69.403104
2.626263;5.500000;-74.412020
3.030303;5.500000;-77.025459
3.434343;5.500000;-77.169546
3.838384;5.500000;-74.759856
4.242424;5.500000;-69.701405
4.646465;5.500000;-61.888660
5.050505;5.500000;-51.205533
5.454545;5.500000;-37.525382
5.858586;5.500000;-20.711014
6.262626;5.500000;-0.614678
6.666667;5.500000;22.921926
7.070707;5.500000;50.067653
7.474747;5.500000;81.001913
7.878788;5.500000;115.914667
8.282828;5.500000;155.006430
8.686869;5.500000;198.488272
9.090909;5.500000;246.581815
9.494949;5.500000;299.519235
9.898990;5.500000;357.543262
10.303030;5.500000;420.907177
10.707071;5.500000;489.874817
11.111111;5.500000;564.720572
11.515152;5.500000;645.729386
11.919192;5.500000;733.196753
12.323232;5.500000;827.428725
12.727273;5.500000;928.741905
13.131313;5.500000;1037.463450
13.535354;5.500000;1153.931070
13.939394;5.500000;1278.493029
14.343434;5.500000;1411.508144
14.747475;5.500000;1553.345785
15.151515;5.500000;1704.385878
15.555556;5.500000;1865.018899
15.959596;5.500000;2035.645880
16.363636;5.500000;2216.678404
16.767677;5.500000;2408.538611
17.171717;5.500000;2611.659191
17.575758;5.500000;2826.483388
17.979798;5.500000;3053.465003
18.383838;5.500000;3293.068385
18.787879;5.500000;3545.768441
19.191919;5.500000;3812.050628
19.595960;5.500000;4092.410959
20.000000;5.500000;4387.356000
-20.000000;6.000000;6755.386000
-19.595960;6.000000;6405.502888
-19.191919;6.000000;6070.497230
-18.787879;6.000000;5749.862463
-18.383838;6.000000;5443.102572
-17.979798;6.000000;5149.732101
-17.575758;6.000000;4869.276143
-17.171717;6.000000;4601.270348
-16.767677;6.000000;4345.260916
-16.363636;6.000000;4100.804603
-15.959596;6.000000;3867.468717
-15.555556;6.000000;3644.831121
-15.151515;6.000000;3432.480230
-14.747475;6.000000;3230.015014
-14.343434;6.000000;3037.044994
-13.939394;6.000000;2853.190246
-13.535354;6.000000;2678.081401
-13.131313;6.000000;2511.359639
-12.727273;6.000000;2352.676699
-12.323232;6.000000;2201.694869
-11.919192;6.000000;2058.086992
-11.515152;6.000000;1921.536466
-11.111111;6.000000;1791.737239
-10.707071;6.000000;1668.393816
-10.303030;6.000000;1551.221254
-9.898990;6.000000;1439.945162
-9.494949;6.000000;1334.301705
-9.090909;6.000000;1234.037600
-8.686869;6.000000;1138.910118
-8.282828;6.000000;1048.687082
-7.878788;6.000000;963.146870
-7.474747;6.000000;882.078414
-7.070707;6.000000;805.281198
-6.666667;6.000000;732.565259
-6.262626;6.000000;663.751190
-5.858586;6.000000;598.670134
-5.454545;6.000000;537.163791
-5.050505;6.000000;479.084412
-4.646465;6.000000;424.294802
-4.242424;6.000000;372.668320
-3.838384;6.000000;324.088877
-3.434343;6.000000;278.450940
-3.030303;6.000000;235.659528
-2.626263;6.000000;195.630212
-2.222222;6.000000;158.289118
-1.818182;6.000000;123.572927
-1.414141;6.000000;91.428871
-1.010101;6.000000;61.814735
-0.606061;6.000000;34.698860
-0.202020;6.000000;10.060138
0.202020;6.000000;-12.111983
0.606061;6.000000;-31.817504
1.010101;6.000000;-49.045871
1.414141;6.000000;-63.775978
1.818182;6.000000;-75.976164
2.222222;6.000000;-85.604215
2.626263;6.000000;-92.607364
3.030303;6.000000;-96.922291
3.434343;6.000000;-98.475120
3.838384;6.000000;-97.181426
4.242424;6.000000;-92.946226
4.646465;6.000000;-85.663986
5.050505;6.000000;-75.218618
5.454545;6.000000;-61.483482
5.858586;6.000000;-44.321381
6.262626;6.000000;-23.584568
6.666667;6.000000;0.885259
7.070707;6.000000;29.256955
7.474747;6.000000;61.709929
7.878788;6.000000;98.434143
8.282828;6.000000;139.630112
8.686869;6.000000;185.508906
9.090909;6.000000;236.292146
9.494949;6.000000;292.212008
9.898990;6.000000;353.511223
10.303030;6.000000;420.443072
10.707071;6.000000;493.271392
11.111111;6.000000;572.270572
11.515152;6.000000;657.725556
11.919192;6.000000;749.931841
12.323232;6.000000;849.195475
12.727273;6.000000;955.833062
13.131313;6.000000;1070.171760
13.535354;6.000000;1192.549279
13.939394;6.000000;1323.313883
14.343434;6.000000;1462.824388
14.747475;6.000000;1611.450165
15.151515;6.000000;1769.571140
15.555556;6.000000;1937.577788
15.959596;6.000000;2115.871141
16.363636;6.000000;2304.862784
16.767677;6.000000;2504.974855
17.171717;6.000000;2716.640045
17.575758;6.000000;2940.301598
17.979798;6.000000;3176.413313
18.383838;6.000000;3425.439542
18.787879;6.000000;3687.855190
19.191919;6.000000;3964.145715
19.595960;6.000000;4254.807130
20.000000;6.000000;4560.346000
-20.000000;6.500000;7313.596000
-19.595960;6.500000;6945.402156
-19.191919;6.500000;6592.375819
-18.787879;6.500000;6254.010424
-18.383838;6.500000;5929.809958
-17.979798;6.500000;5619.288964
-17.575758;6.500000;5321.972534
-17.171717;6.500000;5037.396319
-16.767677;6.500000;4765.106520
-16.363636;6.500000;4504.659892
-15.959596;6.500000;4255.623743
-15.555556;6.500000;4017.575936
-15.151515;6.500000;3790.104886
-14.747475;6.500000;3572.809562
-14.343434;6.500000;3365.299487
-13.939394;6.500000;3167.194737
-13.535354;6.500000;2978.125940
-13.131313;6.500000;2797.734280
-12.727273;6.500000;2625.671492
-12.323232;6.500000;2461.599867
-11.919192;6.500000;2305.192248
-11.515152;6.500000;2156.132030
-11.111111;6.500000;2014.113165
-10.707071;6.500000;1878.840155
-10.303030;6.500000;1750.028058
-9.898990;6.500000;1627.402484
-9.494949;6.500000;1510.699596
-9.090909;6.500000;1399.666113
-8.686869;6.500000;1294.059304
-8.282828;6.500000;1193.646993
-7.878788;6.500000;1098.207559
-7.474747;6.500000;1007.529932
-7.070707;6.500000;921.413598
-6.666667;6.500000;839.668593
-6.262626;6.500000;762.115509
-5.858586;6.500000;688.585491
-5.454545;6.500000;618.920237
-5.050505;6.500000;552.972000
-4.646465;6.500000;490.603584
-4.242424;6.500000;431.688347
-3.838384;6.500000;376.110203
-3.434343;6.500000;323.763615
-3.030303;6.500000;274.553605
-2.626263;6.500000;228.395743
-2.222222;6.500000;185.216155
-1.818182;6.500000;144.951522
-1.414141;6.500000;107.549076
-1.010101;6.500000;72.966602
-0.606061;6.500000;41.172441
-0.202020;6.500000;12.145486
0.202020;6.500000;-14.124817
0.606061;6.500000;-37.638468
1.010101;6.500000;-58.384913
1.414141;6.500000;-76.343046
1.818182;6.500000;-91.481205
2.222222;6.500000;-103.757178
2.626263;6.500000;-113.118197
3.030303;6.500000;-119.500941
3.434343;6.500000;-122.831536
3.838384;6.500000;-123.025555
4.242424;6.500000;-119.988016
4.646465;6.500000;-113.613386
5.050505;6.500000;-103.785576
5.454545;6.500000;-90.377944
5.858586;6.500000;-73.253297
6.262626;6.500000;-52.263885
6.666667;6.500000;-27.251407
7.070707;6.500000;1.952992
7.474747;6.500000;35.528720
7.878788;6.500000;73.665741
8.282828;6.500000;116.564569
8.686869;6.500000;164.436273
9.090909;6.500000;217.502476
9.494949;6.500000;275.995354
9.898990;6.500000;340.157636
10.303030;6.500000;410.242604
10.707071;6.500000;486.514095
11.111111;6.500000;569.246498
11.515152;6.500000;658.724758
11.919192;6.500000;755.244369
12.323232;6.500000;859.111382
12.727273;6.500000;970.642401
13.131313;6.500000;1090.164583
13.535354;6.500000;1218.015637
13.939394;6.500000;1354.543828
14.343434;6.500000;1500.107972
14.747475;6.500000;1655.077441
15.151515;6.500000;1819.832159
15.555556;6.500000;1994.762603
15.959596;6.500000;2180.269804
16.363636;6.500000;2376.765346
16.767677;6.500000;2584.671369
17.171717;6.500000;2804.420562
17.575758;6.500000;3036.456171
17.979798;6.500000;3281.231994
18.383838;6.500000;3539.212383
18.787879;6.500000;3810.872242
19.191919;6.500000;4096.697031
19.595960;6.500000;4397.182762
20.000000;6.500000;4712.836000
-20.000000;7.000000;7885.706000
-19.595960;7.000000;7498.985936
-19.191919;7.000000;7127.720738
-18.787879;7.000000;6771.403840
-18.383838;7.000000;6429.539230
-17.979798;7.000000;6101.641449
-17.575758;7.000000;5787.235592
-17.171717;7.000000;5485.857308
-16.767677;7.000000;5197.052798
-16.363636;7.000000;4920.378817
-15.959596;7.000000;4655.402675
-15.555556;7.000000;4401.702232
-15.151515;7.000000;4158.865905
-14.747475;7.000000;3926.492663
-14.343434;7.000000;3704.192028
-13.939394;7.000000;3491.584076
-13.535354;7.000000;3288.299435
-13.131313;7.000000;3093.979290
-12.727273;7.000000;2908.275376
-12.323232;7.000000;2730.849983
-11.919192;7.000000;2561.375954
-11.515152;7.000000;2399.536686
-11.111111;7.000000;2245.026128
-10.707071;7.000000;2097.548784
-10.303030;7.000000;1956.819711
-9.898990;7.000000;1822.564520
-9.494949;7.000000;1694.519373
-9.090909;7.000000;1572.430989
-8.686869;7.000000;1456.056638
-8.282828;7.000000;1345.164143
-7.878788;7.000000;1239.531884
-7.474747;7.000000;1138.948791
-7.070707;7.000000;1043.214348
-6.666667;7.000000;952.138593
-6.262626;7.000000;865.542117
-5.858586;7.000000;783.256066
-5.454545;7.000000;705.122138
-5.050505;7.000000;630.992585
-4.646465;7.000000;560.730211
-4.242424;7.000000;494.208375
-3.838384;7.000000;431.310989
-3.434343;7.000000;371.932520
-3.030303;7.000000;315.977985
-2.626263;7.000000;263.362957
-2.222222;7.000000;214.013563
-1.818182;7.000000;167.866481
-1.414141;7.000000;124.868944
-1.010101;7.000000;84.978739
-0.606061;7.000000;48.164204
-0.202020;7.000000;14.404234
0.202020;7.000000;-16.311726
0.606061;7.000000;-43.983675
1.010101;7.000000;-68.601059
1.414141;7.000000;-90.142773
1.818182;7.000000;-108.577156
2.222222;7.000000;-123.861993
2.626263;7.000000;-135.944517
3.030303;7.000000;-144.761409
3.434343;7.000000;-150.238793
3.838384;7.000000;-152.292243
4.242424;7.000000;-150.826777
4.646465;7.000000;-145.736860
5.050505;7.000000;-136.906405
5.454545;7.000000;-124.208771
5.858586;7.000000;-107.506762
6.262626;7.000000;-86.652630
6.666667;7.000000;-61.488074
7.070707;7.000000;-31.844238
7.474747;7.000000;2.458286
7.878788;7.000000;41.609460
8.282828;7.000000;85.809800
8.686869;7.000000;135.270375
9.090909;7.000000;190.212807
9.494949;7.000000;250.869272
9.898990;7.000000;317.482499
10.303030;7.000000;390.305772
10.707071;7.000000;469.602926
11.111111;7.000000;555.648350
11.515152;7.000000;648.726989
11.919192;7.000000;749.134338
12.323232;7.000000;857.176448
12.727273;7.000000;973.169922
13.131313;7.000000;1097.441917
13.535354;7.000000;1230.330142
13.939394;7.000000;1372.182863
14.343434;7.000000;1523.358897
14.747475;7.000000;1684.227613
15.151515;7.000000;1855.168936
15.555556;7.000000;2036.573343
15.959596;7.000000;2228.841867
16.363636;7.000000;2432.386090
16.767677;7.000000;2647.628152
17.171717;7.000000;2875.000742
17.575758;7.000000;3114.947107
17.979798;7.000000;3367.921045
18.383838;7.000000;3634.386907
18.787879;7.000000;3914.819598
19.191919;7.000000;4209.704577
19.595960;7.000000;4519.537856
20.000000;7.000000;4844.826000
-20.000000;7.500000;8471.716000
-19.595960;7.500000;8066.254228
-19.191919;7.500000;7676.531987
-18.787879;7.500000;7302.042711
-18.383838;7.500000;6942.290387
-17.979798;7.500000;6596.789557
-17.575758;7.500000;6265.065317
-17.171717;7.500000;5946.653314
-16.767677;7.500000;5641.099749
-16.363636;7.500000;5347.961379
-15.959596;7.500000;5066.805512
-15.555556;7.500000;4797.210010
-15.151515;7.500000;4538.763288
-14.747475;7.500000;4291.064316
-14.343434;7.500000;4053.722616
-13.939394;7.500000;3826.358263
-13.535354;7.500000;3608.601887
-13.131313;7.500000;3400.094671
-12.727273;7.500000;3200.488352
-12.323232;7.500000;3009.445218
-11.919192;7.500000;2826.638112
-11.515152;7.500000;2651.750432
-11.111111;7.500000;2484.476128
-10.707071;7.500000;2324.519702
-10.303030;7.500000;2171.596213
-9.898990;7.500000;2025.431269
-9.494949;7.500000;1885.761035
-9.090909;7.500000;1752.332228
-8.686869;7.500000;1624.902120
-8.282828;7.500000;1503.238533
-7.878788;7.500000;1387.119846
-7.474747;7.500000;1276.334989
-7.070707;7.500000;1170.683448
-6.666667;7.500000;1069.975259
-6.262626;7.500000;974.031015
-5.858586;7.500000;882.681861
-5.454545;7.500000;795.769494
-5.050505;7.500000;713.146166
-4.646465;7.500000;634.674682
-4.242424;7.500000;560.228402
-3.838384;7.500000;489.691237
-3.434343;7.500000;422.957653
-3.030303;7.500000;359.932668
-2.626263;7.500000;300.531855
-2.222222;7.500000;244.681341
-1.818182;7.500000;192.317803
-1.414141;7.500000;143.388476
-1.010101;7.500000;97.851144
-0.606061;7.500000;55.674149
-0.202020;7.500000;16.836383
0.202020;7.500000;-18.672708
0.606061;7.500000;-50.853124
1.010101;7.500000;-79.694310
1.414141;7.500000;-105.175161
1.818182;7.500000;-127.264015
2.222222;7.500000;-145.918659
2.626263;7.500000;-161.086326
3.030303;7.500000;-172.703696
3.434343;7.500000;-180.696893
3.838384;7.500000;-184.981490
4.242424;7.500000;-185.462507
4.646465;7.500000;-182.034408
5.050505;7.500000;-174.581107
5.454545;7.500000;-162.975961
5.858586;7.500000;-147.081776
6.262626;7.500000;-126.750803
6.666667;7.500000;-101.824741
7.070707;7.500000;-72.134734
7.474747;7.500000;-37.501375
7.878788;7.500000;2.265300
8.282828;7.500000;47.365806
8.686869;7.500000;98.011211
9.090909;7.500000;154.423137
9.494949;7.500000;216.833762
9.898990;7.500000;285.485814
10.303030;7.500000;360.632576
10.707071;7.500000;442.537884
11.111111;7.500000;531.476128
11.515152;7.500000;627.732251
11.919192;7.500000;731.601749
12.323232;7.500000;843.390672
12.727273;7.500000;963.415624
13.131313;7.500000;1092.003762
13.535354;7.500000;1229.492796
13.939394;7.500000;1376.230990
14.343434;7.500000;1532.577161
14.747475;7.500000;1698.900680
15.151515;7.500000;1875.581470
15.555556;7.500000;2063.010010
15.959596;7.500000;2261.587330
16.363636;7.500000;2471.725016
16.767677;7.500000;2693.845204
17.171717;7.500000;2928.380586
17.575758;7.500000;3175.774408
17.979798;7.500000;3436.480466
18.383838;7.500000;3710.963114
18.787879;7.500000;3999.697256
19.191919;7.500000;4303.168351
19.595960;7.500000;4621.872410
20.000000;7.500000;4956.316000
-20.000000;8.000000;9071.626000
-19.595960;8.000000;8647.207032
-19.191919;8.000000;8238.809566
-18.787879;8.000000;7845.927036
-18.383838;8.000000;7468.063429
-17.979798;8.000000;7104.733289
-17.575758;8.000000;6755.461708
-17.171717;8.000000;6419.784336
-16.767677;8.000000;6097.247374
-16.363636;8.000000;5787.407578
-15.959596;8.000000;5489.832255
-15.555556;8.000000;5204.099269
-15.151515;8.000000;4929.797035
-14.747475;8.000000;4666.524521
-14.343434;8.000000;4413.891250
-13.939394;8.000000;4171.517299
-13.535354;8.000000;3939.033295
-13.131313;8.000000;3716.080423
-12.727273;8.000000;3502.310418
-12.323232;8.000000;3297.385570
-11.919192;8.000000;3100.978721
-11.515152;8.000000;2912.773270
-11.111111;8.000000;2732.463165
-10.707071;8.000000;2559.752910
-10.303030;8.000000;2394.357562
-9.898990;8.000000;2236.002732
-9.494949;8.000000;2084.424583
-9.090909;8.000000;1939.369832
-8.686869;8.000000;1800.595750
-8.282828;8.000000;1667.870161
-7.878788;8.000000;1540.971443
-7.474747;8.000000;1419.688527
-7.070707;8.000000;1303.820898
-6.666667;8.000000;1193.178593
-6.262626;8.000000;1087.582203
-5.858586;8.000000;986.862874
-5.454545;8.000000;890.862304
-5.050505;8.000000;799.432744
-4.646465;8.000000;712.437000
-4.242424;8.000000;629.748430
-3.838384;8.000000;551.250946
-3.434343;8.000000;476.839015
-3.030303;8.000000;406.417654
-2.626263;8.000000;339.902437
-2.222222;8.000000;277.219489
-1.818182;8.000000;218.305489
-1.414141;8.000000;163.107671
-1.010101;8.000000;111.583820
-0.606061;8.000000;63.702276
-0.202020;8.000000;19.441932
0.202020;8.000000;-21.207765
0.606061;8.000000;-58.246815
1.010101;8.000000;-91.664665
1.414141;8.000000;-121.440208
1.818182;8.000000;-147.541784
2.222222;8.000000;-169.927178
2.626263;8.000000;-188.543624
3.030303;8.000000;-203.327800
3.434343;8.000000;-214.205834
3.838384;8.000000;-221.093296
4.242424;8.000000;-223.895207
4.646465;8.000000;-222.506031
5.050505;8.000000;-216.809681
5.454545;8.000000;-206.679515
5.858586;8.000000;-191.978338
6.262626;8.000000;-172.558403
6.666667;8.000000;-148.261407
7.070707;8.000000;-118.918496
7.474747;8.000000;-84.350260
7.878788;8.000000;-44.366738
8.282828;8.000000;1.232585
8.686869;8.000000;52.658780
9.090909;8.000000;110.133468
9.494949;8.000000;173.888825
9.898990;8.000000;244.167580
10.303030;8.000000;321.223017
10.707071;8.000000;405.318971
11.111111;8.000000;496.729832
11.515152;8.000000;595.740543
11.919192;8.000000;702.646600
12.323232;8.000000;817.754054
12.727273;8.000000;941.379509
13.131313;8.000000;1073.850120
13.535354;8.000000;1215.503598
13.939394;8.000000;1366.688208
14.343434;8.000000;1527.762766
14.747475;8.000000;1699.096642
15.151515;8.000000;1881.069762
15.555556;8.000000;2074.072603
15.959596;8.000000;2278.506195
16.363636;8.000000;2494.782123
16.767677;8.000000;2723.322526
17.171717;8.000000;2964.560094
17.575758;8.000000;3218.938072
17.979798;8.000000;3486.910258
18.383838;8.000000;3768.941005
18.787879;8.000000;4065.505218
19.191919;8.000000;4377.088354
19.595960;8.000000;4704.186426
20.000000;8.000000;5047.306000
-20.000000;8.500000;9685.436000
-19.595960;8.500000;9241.844348
-19.191919;8.500000;8814.553475
-18.787879;8.500000;8403.056815
-18.383838;8.500000;8006.858358
-17.979798;8.500000;7625.472643
-17.575758;8.500000;7258.424766
-17.171717;8.500000;6905.250375
-16.767677;8.500000;6565.495672
-16.363636;8.500000;6238.717412
-15.959596;8.500000;5924.482904
-15.555556;8.500000;5622.370010
-15.151515;8.500000;5331.967145
-14.747475;8.500000;5052.873278
-14.343434;8.500000;4784.697932
-13.939394;8.500000;4527.061183
-13.535354;8.500000;4279.593659
-13.131313;8.500000;4041.936545
-12.727273;8.500000;3813.741575
-12.323232;8.500000;3594.671039
-11.919192;8.500000;3384.397782
-11.515152;8.500000;3182.605198
-11.111111;8.500000;2988.987239
-10.707071;8.500000;2803.248408
-10.303030;8.500000;2625.103761
-9.898990;8.500000;2454.278909
-9.494949;8.500000;2290.510016
-9.090909;8.500000;2133.543799
-8.686869;8.500000;1983.137528
-8.282828;8.500000;1839.059029
-7.878788;8.500000;1701.086678
-7.474747;8.500000;1569.009406
-7.070707;8.500000;1442.626698
-6.666667;8.500000;1321.748593
-6.262626;8.500000;1206.195680
-5.858586;8.500000;1095.799106
-5.454545;8.500000;990.400568
-5.050505;8.500000;889.852318
-4.646465;8.500000;794.017162
-4.242424;8.500000;702.768457
-3.838384;8.500000;615.990117
-3.434343;8.500000;533.576606
-3.030303;8.500000;455.432944
-2.626263;8.500000;381.474702
-2.222222;8.500000;311.628007
-1.818182;8.500000;245.829539
-1.414141;8.500000;184.026529
-1.010101;8.500000;126.176764
-0.606061;8.500000;72.248584
-0.202020;8.500000;22.220882
0.202020;8.500000;-23.916896
0.606061;8.500000;-66.164749
1.010101;8.500000;-104.512125
1.414141;8.500000;-138.937916
1.818182;8.500000;-169.410461
2.222222;8.500000;-195.887548
2.626263;8.500000;-218.316409
3.030303;8.500000;-236.633723
3.434343;8.500000;-250.765616
3.838384;8.500000;-260.627661
4.242424;8.500000;-266.124876
4.646465;8.500000;-267.151727
5.050505;8.500000;-263.592126
5.454545;8.500000;-255.319432
5.858586;8.500000;-242.196450
6.262626;8.500000;-224.075431
6.666667;8.500000;-200.798074
7.070707;8.500000;-172.195524
7.474747;8.500000;-138.088372
7.878788;8.500000;-98.286656
8.282828;8.500000;-52.589860
8.686869;8.500000;-0.786916
9.090909;8.500000;57.343799
9.494949;8.500000;122.034460
9.898990;8.500000;193.527798
10.303030;8.500000;272.077094
10.707071;8.500000;357.946185
11.111111;8.500000;451.409461
11.515152;8.500000;552.751865
11.919192;8.500000;662.268893
12.323232;8.500000;780.266595
12.727273;8.500000;907.061575
13.131313;8.500000;1042.980989
13.535354;8.500000;1188.362548
13.939394;8.500000;1343.554516
14.343434;8.500000;1508.915710
14.747475;8.500000;1684.815501
15.151515;8.500000;1871.633812
15.555556;8.500000;2069.761121
15.959596;8.500000;2279.598460
16.363636;8.500000;2501.557412
16.767677;8.500000;2736.060117
17.171717;8.500000;2983.539264
17.575758;8.500000;3244.438099
17.979798;8.500000;3519.210421
18.383838;8.500000;3808.320580
18.787879;8.500000;4112.243482
19.191919;8.500000;4431.464586
19.595960;8.500000;4766.479903
20.000000;8.500000;5117.796000
-20.000000;9.000000;10313.146000
-19.595960;9.000000;9850.166175
-19.191919;9.000000;9403.763713
-18.787879;9.000000;8973.432049
-18.383838;9.000000;8558.675171
-17.979798;9.000000;8159.007620
-17.575758;9.000000;7773.954490
-17.171717;9.000000;7403.051431
-16.767677;9.000000;7045.844644
-16.363636;9.000000;6701.890884
-15.959596;9.000000;6370.757459
-15.555556;9.000000;6052.022232
-15.151515;9.000000;5745.273619
-14.747475;9.000000;5450.110588
-14.343434;9.000000;5166.142661
-13.939394;9.000000;4892.989916
-13.535354;9.000000;4630.282980
-13.131313;9.000000;4377.663037
-12.727273;9.000000;4134.781823
-12.323232;9.000000;3901.301627
-11.919192;9.000000;3676.895293
-11.515152;9.000000;3461.246218
-11.111111;9.000000;3254.048350
-10.707071;9.000000;3055.006195
-10.303030;9.000000;2863.834808
-9.898990;9.000000;2680.259800
-9.494949;9.000000;2504.017334
-9.090909;9.000000;2334.854129
-8.686869;9.000000;2172.527455
-8.282828;9.000000;2016.805135
-7.878788;9.000000;1867.465548
-7.474747;9.000000;1724.297625
-7.070707;9.000000;1587.100849
-6.666667;9.000000;1455.685259
-6.262626;9.000000;1329.871447
-5.858586;9.000000;1209.490557
-5.454545;9.000000;1094.384287
-5.050505;9.000000;984.404889
-4.646465;9.000000;879.415169
-4.242424;9.000000;779.288485
-3.838384;9.000000;683.908749
-3.434343;9.000000;593.170426
-3.030303;9.000000;506.978536
-2.626263;9.000000;425.248651
-2.222222;9.000000;347.906896
-1.818182;9.000000;274.889952
-1.414141;9.000000;206.145051
-1.010101;9.000000;141.629978
-0.606061;9.000000;81.313075
-0.202020;9.000000;25.173233
0.202020;9.000000;-26.800100
0.606061;9.000000;-74.606925
1.010101;9.000000;-118.236688
1.414141;9.000000;-157.668283
1.818182;9.000000;-192.870048
2.222222;9.000000;-223.799770
2.626263;9.000000;-250.404683
3.030303;9.000000;-272.621464
3.434343;9.000000;-290.376241
3.838384;9.000000;-303.584585
4.242424;9.000000;-312.151515
4.646465;9.000000;-315.971497
5.050505;9.000000;-314.928444
5.454545;9.000000;-308.895713
5.858586;9.000000;-297.736110
6.262626;9.000000;-281.301886
6.666667;9.000000;-259.434741
7.070707;9.000000;-231.965818
7.474747;9.000000;-198.715709
7.878788;9.000000;-159.494452
8.282828;9.000000;-114.101531
8.686869;9.000000;-62.325879
9.090909;9.000000;-3.945871
9.494949;9.000000;61.270668
9.898990;9.000000;133.566466
10.303030;9.000000;213.194808
10.707071;9.000000;300.419528
11.111111;9.000000;395.515017
11.515152;9.000000;498.766218
11.919192;9.000000;610.468627
12.323232;9.000000;730.928294
12.727273;9.000000;860.461823
13.131313;9.000000;999.396370
13.535354;9.000000;1148.069647
13.939394;9.000000;1306.829916
14.343434;9.000000;1476.035995
14.747475;9.000000;1656.057254
15.151515;9.000000;1847.273619
15.555556;9.000000;2050.075566
15.959596;9.000000;2264.864126
16.363636;9.000000;2492.050884
16.767677;9.000000;2732.057977
17.171717;9.000000;2985.318098
17.575758;9.000000;3252.274490
17.979798;9.000000;3533.380953
18.383838;9.000000;3829.101838
18.787879;9.000000;4139.912049
19.191919;9.000000;4466.297047
19.595960;9.000000;4808.752842
20.000000;9.000000;5167.786000
-20.000000;9.500000;10954.756000
-19.595960;9.500000;10472.172514
-19.191919;9.500000;10006.440282
-18.787879;9.500000;9557.052738
-18.383838;9.500000;9123.513870
-17.979798;9.500000;8705.338220
-17.575758;9.500000;8302.050882
-17.171717;9.500000;7913.187504
-16.767677;9.500000;7538.294289
-16.363636;9.500000;7176.927991
-15.959596;9.500000;6828.655919
-15.555556;9.500000;6493.055936
-15.151515;9.500000;6169.716456
-14.747475;9.500000;5858.236449
-14.343434;9.500000;5558.225438
-13.939394;9.500000;5269.303497
-13.535354;9.500000;4991.101257
-13.131313;9.500000;4723.259899
-12.727273;9.500000;4465.431162
-12.323232;9.500000;4217.277333
-11.919192;9.500000;3978.471256
-11.515152;9.500000;3748.696328
-11.111111;9.500000;3527.646498
-10.707071;9.500000;3315.026271
-10.303030;9.500000;3110.550703
-9.898990;9.500000;2913.945404
-9.494949;9.500000;2724.946539
-9.090909;9.500000;2543.300823
-8.686869;9.500000;2368.765529
-8.282828;9.500000;2201.108481
-7.878788;9.500000;2040.108055
-7.474747;9.500000;1885.553183
-7.070707;9.500000;1737.243350
-6.666667;9.500000;1594.988593
-6.262626;9.500000;1458.609503
-5.858586;9.500000;1327.937226
-5.454545;9.500000;1202.813461
-5.050505;9.500000;1083.090457
-4.646465;9.500000;968.631022
-4.242424;9.500000;859.308512
-3.838384;9.500000;755.006842
-3.434343;9.500000;655.620475
-3.030303;9.500000;561.054431
-2.626263;9.500000;471.224283
-2.222222;9.500000;386.056155
-1.818182;9.500000;305.486729
-1.414141;9.500000;229.463235
-1.010101;9.500000;157.943462
-0.606061;9.500000;90.895747
-0.202020;9.500000;28.298984
0.202020;9.500000;-29.857379
0.606061;9.500000;-83.573344
1.010101;9.500000;-132.838357
1.414141;9.500000;-177.631310
1.818182;9.500000;-217.920544
2.222222;9.500000;-253.663845
2.626263;9.500000;-284.808445
3.030303;9.500000;-311.291023
3.434343;9.500000;-333.037707
3.838384;9.500000;-349.964067
4.242424;9.500000;-361.975124
4.646465;9.500000;-368.965342
5.050505;9.500000;-370.818634
5.454545;9.500000;-367.408358
5.858586;9.500000;-358.597319
6.262626;9.500000;-344.237769
6.666667;9.500000;-324.171407
7.070707;9.500000;-298.229378
7.474747;9.500000;-266.232271
7.878788;9.500000;-227.990127
8.282828;9.500000;-183.302428
8.686869;9.500000;-131.958107
9.090909;9.500000;-73.735540
9.494949;9.500000;-8.402552
9.898990;9.500000;64.283586
10.303030;9.500000;144.576157
10.707071;9.500000;232.738998
11.111111;9.500000;329.046498
11.515152;9.500000;433.783601
11.919192;9.500000;547.245801
12.323232;9.500000;669.739151
12.727273;9.500000;801.580252
13.131313;9.500000;943.096263
13.535354;9.500000;1094.624893
13.939394;9.500000;1256.514406
14.343434;9.500000;1429.123620
14.747475;9.500000;1612.821904
15.151515;9.500000;1807.989184
15.555556;9.500000;2015.015936
15.959596;9.500000;2234.303192
16.363636;9.500000;2466.262536
16.767677;9.500000;2711.316107
17.171717;9.500000;2969.896595
17.575758;9.500000;3242.447245
17.979798;9.500000;3529.421856
18.383838;9.500000;3831.284779
18.787879;9.500000;4148.510920
19.191919;9.500000;4481.585737
19.595960;9.500000;4831.005242
20.000000;9.500000;5197.276000
-20.000000;10.000000;11610.266000
-19.595960;10.000000;11107.863365
-19.191919;10.000000;10622.583181
-18.787879;10.000000;10153.918881
-18.383838;10.000000;9701.374455
-17.979798;10.000000;9264.464443
-17.575758;10.000000;8842.713939
-17.171717;10.000000;8435.658594
-16.767677;10.000000;8042.844607
-16.363636;10.000000;7663.828735
-15.959596;10.000000;7298.178285
-15.555556;10.000000;6945.471121
-15.151515;10.000000;6605.295657
-14.747475;10.000000;6277.250863
-14.343434;10.000000;5960.946261
-13.939394;10.000000;5656.001927
-13.535354;10.000000;5362.048490
-13.131313;10.000000;5078.727132
-12.727273;10.000000;4805.689591
-12.323232;10.000000;4542.598156
-11.919192;10.000000;4289.125670
-11.515152;10.000000;4044.955529
-11.111111;10.000000;3809.781684
-10.707071;10.000000;3583.308637
-10.303030;10.000000;3365.251447
-9.898990;10.000000;3155.335722
-9.494949;10.000000;2953.297628
-9.090909;10.000000;2758.883881
-8.686869;10.000000;2571.851752
-8.282828;10.000000;2391.969065
-7.878788;10.000000;2219.014198
-7.474747;10.000000;2052.776082
-7.070707;10.000000;1893.054201
-6.666667;10.000000;1739.658593
-6.262626;10.000000;1592.409849
-5.858586;10.000000;1451.139115
-5.454545;10.000000;1315.688089
-5.050505;10.000000;1185.909022
-4.646465;10.000000;1061.664719
-4.242424;10.000000;942.828540
-3.838384;10.000000;829.284396
-3.434343;10.000000;720.926753
-3.030303;10.000000;617.660629
-2.626263;10.000000;519.401598
-2.222222;10.000000;426.075785
-1.818182;10.000000;337.619869
-1.414141;10.000000;253.981084
-1.010101;10.000000;175.117214
-0.606061;10.000000;100.996601
-0.202020;10.000000;31.598136
0.202020;10.000000;-33.088732
0.606061;10.000000;-93.064005
1.010101;10.000000;-148.317129
1.414141;10.000000;-198.826997
1.818182;10.000000;-244.561949
2.222222;10.000000;-285.479770
2.626263;10.000000;-321.527695
3.030303;10.000000;-352.642401
3.434343;10.000000;-378.750015
3.838384;10.000000;-399.766109
4.242424;10.000000;-415.595702
4.646465;10.000000;-426.133261
5.050505;10.000000;-431.262696
5.454545;10.000000;-430.857366
5.858586;10.000000;-424.780077
6.262626;10.000000;-412.883080
6.666667;10.000000;-395.008074
7.070707;10.000000;-370.986203
7.474747;10.000000;-340.638060
7.878788;10.000000;-303.773681
8.282828;10.000000;-260.192551
8.686869;10.000000;-209.683601
9.090909;10.000000;-152.025210
9.494949;10.000000;-86.985200
9.898990;10.000000;-14.320843
10.303030;10.000000;66.221144
10.707071;10.000000;154.904597
11.111111;10.000000;252.003906
11.515152;10.000000;357.804014
11.919192;10.000000;472.600417
12.323232;10.000000;596.699166
12.727273;10.000000;730.416864
13.131313;10.000000;874.080668
13.535354;10.000000;1028.028288
13.939394;10.000000;1192.607987
14.343434;10.000000;1368.178584
14.747475;10.000000;1555.109449
15.151515;10.000000;1753.780506
15.555556;10.000000;1964.582232
15.959596;10.000000;2187.915659
16.363636;10.000000;2424.192371
16.767677;10.000000;2673.834506
17.171717;10.000000;2937.274755
17.575758;10.000000;3214.956364
17.979798;10.000000;3507.333129
18.383838;10.000000;3814.869404
18.787879;10.000000;4138.040094
19.191919;10.000000;4477.330656
19.595960;10.000000;4833.237103
20.000000;10.000000;5206.266000
