Theta;T;Energy
-15.00;0.00;80.736300
-14.90;0.00;68.271354
-14.80;0.00;56.194766
-14.70;0.00;44.500382
-14.60;0.00;33.182087
-14.50;0.00;22.233809
-14.40;0.00;11.649517
-14.30;0.00;1.423221
-14.20;0.00;-8.451025
-14.10;0.00;-17.979128
-14.00;0.00;-27.166952
-13.90;0.00;-36.020321
-13.80;0.00;-44.545014
-13.70;0.00;-52.746773
-13.60;0.00;-60.631295
-13.49;0.00;-68.204237
-13.39;0.00;-75.471213
-13.29;0.00;-82.437797
-13.19;0.00;-89.109521
-13.09;0.00;-95.491874
-12.99;0.00;-101.590306
-12.89;0.00;-107.410222
-12.79;0.00;-112.956989
-12.69;0.00;-118.235930
-12.59;0.00;-123.252328
-12.49;0.00;-128.011422
-12.39;0.00;-132.518412
-12.29;0.00;-136.778456
-12.19;0.00;-140.796669
-12.09;0.00;-144.578124
-11.99;0.00;-148.127856
-11.89;0.00;-151.450855
-11.79;0.00;-154.552070
-11.69;0.00;-157.436409
-11.59;0.00;-160.108738
-11.49;0.00;-162.573883
-11.39;0.00;-164.836625
-11.29;0.00;-166.901707
-11.19;0.00;-168.773829
-11.09;0.00;-170.457648
-10.99;0.00;-171.957782
-10.89;0.00;-173.278805
-10.79;0.00;-174.425251
-10.69;0.00;-175.401612
-10.59;0.00;-176.212338
-10.48;0.00;-176.861838
-10.38;0.00;-177.354480
-10.28;0.00;-177.694587
-10.18;0.00;-177.886446
-10.08;0.00;-177.934297
-9.98;0.00;-177.842342
-9.88;0.00;-177.614741
-9.78;0.00;-177.255609
-9.68;0.00;-176.769024
-9.58;0.00;-176.159020
-9.48;0.00;-175.429590
-9.38;0.00;-174.584684
-9.28;0.00;-173.628213
-9.18;0.00;-172.564045
-9.08;0.00;-171.396006
-8.98;0.00;-170.127880
-8.88;0.00;-168.763412
-8.78;0.00;-167.306303
-8.68;0.00;-165.760212
-8.58;0.00;-164.128759
-8.48;0.00;-162.415520
-8.38;0.00;-160.624031
-8.28;0.00;-158.757785
-8.18;0.00;-156.820234
-8.08;0.00;-154.814789
-7.98;0.00;-152.744820
-7.88;0.00;-150.613652
-7.78;0.00;-148.424572
-7.68;0.00;-146.180825
-7.58;0.00;-143.885612
-7.47;0.00;-141.542095
-7.37;0.00;-139.153393
-7.27;0.00;-136.722583
-7.17;0.00;-134.252703
-7.07;0.00;-131.746746
-6.97;0.00;-129.207667
-6.87;0.00;-126.638375
-6.77;0.00;-124.041741
-6.67;0.00;-121.420593
-6.57;0.00;-118.777718
-6.47;0.00;-116.115861
-6.37;0.00;-113.437725
-6.27;0.00;-110.745973
-6.17;0.00;-108.043224
-6.07;0.00;-105.332057
-5.97;0.00;-102.615010
-5.87;0.00;-99.894577
-5.77;0.00;-97.173213
-5.67;0.00;-94.453330
-5.57;0.00;-91.737299
-5.47;0.00;-89.027448
-5.37;0.00;-86.326067
-5.27;0.00;-83.635399
-5.17;0.00;-80.957651
-5.07;0.00;-78.294984
-4.97;0.00;-75.649519
-4.87;0.00;-73.023337
-4.77;0.00;-70.418475
-4.67;0.00;-67.836931
-4.57;0.00;-65.280657
-4.46;0.00;-62.751568
-4.36;0.00;-60.251536
-4.26;0.00;-57.782390
-4.16;0.00;-55.345919
-4.06;0.00;-52.943870
-3.96;0.00;-50.577948
-3.86;0.00;-48.249816
-3.76;0.00;-45.961098
-3.66;0.00;-43.713372
-3.56;0.00;-41.508179
-3.46;0.00;-39.347015
-3.36;0.00;-37.231336
-3.26;0.00;-35.162556
-3.16;0.00;-33.142049
-3.06;0.00;-31.171144
-2.96;0.00;-29.251131
-2.86;0.00;-27.383258
-2.76;0.00;-25.568730
-2.66;0.00;-23.808714
-2.56;0.00;-22.104331
-2.46;0.00;-20.456663
-2.36;0.00;-18.866750
-2.26;0.00;-17.335589
-2.16;0.00;-15.864138
-2.06;0.00;-14.453312
-1.96;0.00;-13.103984
-1.86;0.00;-11.816986
-1.76;0.00;-10.593107
-1.66;0.00;-9.433098
-1.56;0.00;-8.337664
-1.45;0.00;-7.307471
-1.35;0.00;-6.343144
-1.25;0.00;-5.445263
-1.15;0.00;-4.614372
-1.05;0.00;-3.850967
-0.95;0.00;-3.155507
-0.85;0.00;-2.528407
-0.75;0.00;-1.970043
-0.65;0.00;-1.480746
-0.55;0.00;-1.060808
-0.45;0.00;-0.710479
-0.35;0.00;-0.429966
-0.25;0.00;-0.219435
-0.15;0.00;-0.079012
-0.05;0.00;-0.008780
0.05;0.00;-0.008780
0.15;0.00;-0.079012
0.25;0.00;-0.219435
0.35;0.00;-0.429966
0.45;0.00;-0.710479
0.55;0.00;-1.060808
0.65;0.00;-1.480746
0.75;0.00;-1.970043
0.85;0.00;-2.528407
0.95;0.00;-3.155507
1.05;0.00;-3.850967
1.15;0.00;-4.614372
1.25;0.00;-5.445263
1.35;0.00;-6.343144
1.45;0.00;-7.307471
1.56;0.00;-8.337664
1.66;0.00;-9.433098
1.76;0.00;-10.593107
1.86;0.00;-11.816986
1.96;0.00;-13.103984
2.06;0.00;-14.453312
2.16;0.00;-15.864138
2.26;0.00;-17.335589
2.36;0.00;-18.866750
2.46;0.00;-20.456663
2.56;0.00;-22.104331
2.66;0.00;-23.808714
2.76;0.00;-25.568730
2.86;0.00;-27.383258
2.96;0.00;-29.251131
3.06;0.00;-31.171144
3.16;0.00;-33.142049
3.26;0.00;-35.162556
3.36;0.00;-37.231336
3.46;0.00;-39.347015
3.56;0.00;-41.508179
3.66;0.00;-43.713372
3.76;0.00;-45.961098
3.86;0.00;-48.249816
3.96;0.00;-50.577948
4.06;0.00;-52.943870
4.16;0.00;-55.345919
4.26;0.00;-57.782390
4.36;0.00;-60.251536
4.46;0.00;-62.751568
4.57;0.00;-65.280657
4.67;0.00;-67.836931
4.77;0.00;-70.418475
4.87;0.00;-73.023337
4.97;0.00;-75.649519
5.07;0.00;-78.294984
5.17;0.00;-80.957651
5.27;0.00;-83.635399
5.37;0.00;-86.326067
5.47;0.00;-89.027448
5.57;0.00;-91.737299
5.67;0.00;-94.453330
5.77;0.00;-97.173213
5.87;0.00;-99.894577
5.97;0.00;-102.615010
6.07;0.00;-105.332057
6.17;0.00;-108.043224
6.27;0.00;-110.745973
6.37;0.00;-113.437725
6.47;0.00;-116.115861
6.57;0.00;-118.777718
6.67;0.00;-121.420593
6.77;0.00;-124.041741
6.87;0.00;-126.638375
6.97;0.00;-129.207667
7.07;0.00;-131.746746
7.17;0.00;-134.252703
7.27;0.00;-136.722583
7.37;0.00;-139.153393
7.47;0.00;-141.542095
7.58;0.00;-143.885612
7.68;0.00;-146.180825
7.78;0.00;-148.424572
7.88;0.00;-150.613652
7.98;0.00;-152.744820
8.08;0.00;-154.814789
8.18;0.00;-156.820234
8.28;0.00;-158.757785
8.38;0.00;-160.624031
8.48;0.00;-162.415520
8.58;0.00;-164.128759
8.68;0.00;-165.760212
8.78;0.00;-167.306303
8.88;0.00;-168.763412
8.98;0.00;-170.127880
9.08;0.00;-171.396006
9.18;0.00;-172.564045
9.28;0.00;-173.628213
9.38;0.00;-174.584684
9.48;0.00;-175.429590
9.58;0.00;-176.159020
9.68;0.00;-176.769024
9.78;0.00;-177.255609
9.88;0.00;-177.614741
9.98;0.00;-177.842342
10.08;0.00;-177.934297
10.18;0.00;-177.886446
10.28;0.00;-177.694587
10.38;0.00;-177.354480
10.48;0.00;-176.861838
10.59;0.00;-176.212338
10.69;0.00;-175.401612
10.79;0.00;-174.425251
10.89;0.00;-173.278805
10.99;0.00;-171.957782
11.09;0.00;-170.457648
11.19;0.00;-168.773829
11.29;0.00;-166.901707
11.39;0.00;-164.836625
11.49;0.00;-162.573883
11.59;0.00;-160.108738
11.69;0.00;-157.436409
11.79;0.00;-154.552070
11.89;0.00;-151.450855
11.99;0.00;-148.127856
12.09;0.00;-144.578124
12.19;0.00;-140.796669
12.29;0.00;-136.778456
12.39;0.00;-132.518412
12.49;0.00;-128.011422
12.59;0.00;-123.252328
12.69;0.00;-118.235930
12.79;0.00;-112.956989
12.89;0.00;-107.410222
12.99;0.00;-101.590306
13.09;0.00;-95.491874
13.19;0.00;-89.109521
13.29;0.00;-82.437797
13.39;0.00;-75.471213
13.49;0.00;-68.204237
13.60;0.00;-60.631295
13.70;0.00;-52.746773
13.80;0.00;-44.545014
13.90;0.00;-36.020321
14.00;0.00;-27.166952
14.10;0.00;-17.979128
14.20;0.00;-8.451025
14.30;0.00;1.423221
14.40;0.00;11.649517
14.50;0.00;22.233809
14.60;0.00;33.182087
14.70;0.00;44.500382
14.80;0.00;56.194766
14.90;0.00;68.271354
15.00;0.00;80.736300
-15.00;1.00;462.336300
-14.90;1.00;444.783411
-14.80;1.00;427.653027
-14.70;1.00;410.938995
-14.60;1.00;394.635198
-14.50;1.00;378.735566
-14.40;1.00;363.234067
-14.30;1.00;348.124712
-14.20;1.00;333.401554
-14.10;1.00;319.058686
-14.00;1.00;305.090244
-13.90;1.00;291.490405
-13.80;1.00;278.253388
-13.70;1.00;265.373453
-13.60;1.00;252.844903
-13.49;1.00;240.662080
-13.39;1.00;228.819370
-13.29;1.00;217.311199
-13.19;1.00;206.132036
-13.09;1.00;195.276390
-12.99;1.00;184.738814
-12.89;1.00;174.513900
-12.79;1.00;164.596282
-12.69;1.00;154.980638
-12.59;1.00;145.661685
-12.49;1.00;136.634181
-12.39;1.00;127.892930
-12.29;1.00;119.432772
-12.19;1.00;111.248593
-12.09;1.00;103.335317
-11.99;1.00;95.687913
-11.89;1.00;88.301390
-11.79;1.00;81.170797
-11.69;1.00;74.291227
-11.59;1.00;67.657815
-11.49;1.00;61.265734
-11.39;1.00;55.110203
-11.29;1.00;49.186480
-11.19;1.00;43.489864
-11.09;1.00;38.015698
-10.99;1.00;32.759365
-10.89;1.00;27.716289
-10.79;1.00;22.881938
-10.69;1.00;18.251819
-10.59;1.00;13.821483
-10.48;1.00;9.586519
-10.38;1.00;5.542562
-10.28;1.00;1.685285
-10.18;1.00;-1.989595
-10.08;1.00;-5.486320
-9.98;1.00;-8.809092
-9.88;1.00;-11.962070
-9.78;1.00;-14.949371
-9.68;1.00;-17.775071
-9.58;1.00;-20.443205
-9.48;1.00;-22.957765
-9.38;1.00;-25.322703
-9.28;1.00;-27.541928
-9.18;1.00;-29.619308
-9.08;1.00;-31.558671
-8.98;1.00;-33.363799
-8.88;1.00;-35.038438
-8.78;1.00;-36.586288
-8.68;1.00;-38.011010
-8.58;1.00;-39.316222
-8.48;1.00;-40.505501
-8.38;1.00;-41.582382
-8.28;1.00;-42.550360
-8.18;1.00;-43.412885
-8.08;1.00;-44.173369
-7.98;1.00;-44.835181
-7.88;1.00;-45.401648
-7.78;1.00;-45.876055
-7.68;1.00;-46.261647
-7.58;1.00;-46.561627
-7.47;1.00;-46.779155
-7.37;1.00;-46.917350
-7.27;1.00;-46.979292
-7.17;1.00;-46.968015
-7.07;1.00;-46.886514
-6.97;1.00;-46.737743
-6.87;1.00;-46.524613
-6.77;1.00;-46.249993
-6.67;1.00;-45.916713
-6.57;1.00;-45.527558
-6.47;1.00;-45.085273
-6.37;1.00;-44.592563
-6.27;1.00;-44.052088
-6.17;1.00;-43.466470
-6.07;1.00;-42.838286
-5.97;1.00;-42.170075
-5.87;1.00;-41.464331
-5.77;1.00;-40.723509
-5.67;1.00;-39.950020
-5.57;1.00;-39.146236
-5.47;1.00;-38.314485
-5.37;1.00;-37.457056
-5.27;1.00;-36.576194
-5.17;1.00;-35.674103
-5.07;1.00;-34.752947
-4.97;1.00;-33.814846
-4.87;1.00;-32.861880
-4.77;1.00;-31.896088
-4.67;1.00;-30.919464
-4.57;1.00;-29.933965
-4.46;1.00;-28.941504
-4.36;1.00;-27.943951
-4.26;1.00;-26.943138
-4.16;1.00;-25.940852
-4.06;1.00;-24.938841
-3.96;1.00;-23.938810
-3.86;1.00;-22.942422
-3.76;1.00;-21.951299
-3.66;1.00;-20.967023
-3.56;1.00;-19.991131
-3.46;1.00;-19.025121
-3.36;1.00;-18.070450
-3.26;1.00;-17.128530
-3.16;1.00;-16.200735
-3.06;1.00;-15.288395
-2.96;1.00;-14.392800
-2.86;1.00;-13.515198
-2.76;1.00;-12.656794
-2.66;1.00;-11.818754
-2.56;1.00;-11.002200
-2.46;1.00;-10.208214
-2.36;1.00;-9.437835
-2.26;1.00;-8.692062
-2.16;1.00;-7.971851
-2.06;1.00;-7.278117
-1.96;1.00;-6.611734
-1.86;1.00;-5.973534
-1.76;1.00;-5.364307
-1.66;1.00;-4.784801
-1.56;1.00;-4.235723
-1.45;1.00;-3.717739
-1.35;1.00;-3.231474
-1.25;1.00;-2.777508
-1.15;1.00;-2.356383
-1.05;1.00;-1.968599
-0.95;1.00;-1.614611
-0.85;1.00;-1.294837
-0.75;1.00;-1.009651
-0.65;1.00;-0.759385
-0.55;1.00;-0.544331
-0.45;1.00;-0.364738
-0.35;1.00;-0.220814
-0.25;1.00;-0.112725
-0.15;1.00;-0.040597
-0.05;1.00;-0.004512
0.05;1.00;-0.004512
0.15;1.00;-0.040597
0.25;1.00;-0.112725
0.35;1.00;-0.220814
0.45;1.00;-0.364738
0.55;1.00;-0.544331
0.65;1.00;-0.759385
0.75;1.00;-1.009651
0.85;1.00;-1.294837
0.95;1.00;-1.614611
1.05;1.00;-1.968599
1.15;1.00;-2.356383
1.25;1.00;-2.777508
1.35;1.00;-3.231474
1.45;1.00;-3.717739
1.56;1.00;-4.235723
1.66;1.00;-4.784801
1.76;1.00;-5.364307
1.86;1.00;-5.973534
1.96;1.00;-6.611734
2.06;1.00;-7.278117
2.16;1.00;-7.971851
2.26;1.00;-8.692062
2.36;1.00;-9.437835
2.46;1.00;-10.208214
2.56;1.00;-11.002200
2.66;1.00;-11.818754
2.76;1.00;-12.656794
2.86;1.00;-13.515198
2.96;1.00;-14.392800
3.06;1.00;-15.288395
3.16;1.00;-16.200735
3.26;1.00;-17.128530
3.36;1.00;-18.070450
3.46;1.00;-19.025121
3.56;1.00;-19.991131
3.66;1.00;-20.967023
3.76;1.00;-21.951299
3.86;1.00;-22.942422
3.96;1.00;-23.938810
4.06;1.00;-24.938841
4.16;1.00;-25.940852
4.26;1.00;-26.943138
4.36;1.00;-27.943951
4.46;1.00;-28.941504
4.57;1.00;-29.933965
4.67;1.00;-30.919464
4.77;1.00;-31.896088
4.87;1.00;-32.861880
4.97;1.00;-33.814846
5.07;1.00;-34.752947
5.17;1.00;-35.674103
5.27;1.00;-36.576194
5.37;1.00;-37.457056
5.47;1.00;-38.314485
5.57;1.00;-39.146236
5.67;1.00;-39.950020
5.77;1.00;-40.723509
5.87;1.00;-41.464331
5.97;1.00;-42.170075
6.07;1.00;-42.838286
6.17;1.00;-43.466470
6.27;1.00;-44.052088
6.37;1.00;-44.592563
6.47;1.00;-45.085273
6.57;1.00;-45.527558
6.67;1.00;-45.916713
6.77;1.00;-46.249993
6.87;1.00;-46.524613
6.97;1.00;-46.737743
7.07;1.00;-46.886514
7.17;1.00;-46.968015
7.27;1.00;-46.979292
7.37;1.00;-46.917350
7.47;1.00;-46.779155
7.58;1.00;-46.561627
7.68;1.00;-46.261647
7.78;1.00;-45.876055
7.88;1.00;-45.401648
7.98;1.00;-44.835181
8.08;1.00;-44.173369
8.18;1.00;-43.412885
8.28;1.00;-42.550360
8.38;1.00;-41.582382
8.48;1.00;-40.505501
8.58;1.00;-39.316222
8.68;1.00;-38.011010
8.78;1.00;-36.586288
8.88;1.00;-35.038438
8.98;1.00;-33.363799
9.08;1.00;-31.558671
9.18;1.00;-29.619308
9.28;1.00;-27.541928
9.38;1.00;-25.322703
9.48;1.00;-22.957765
9.58;1.00;-20.443205
9.68;1.00;-17.775071
9.78;1.00;-14.949371
9.88;1.00;-11.962070
9.98;1.00;-8.809092
10.08;1.00;-5.486320
10.18;1.00;-1.989595
10.28;1.00;1.685285
10.38;1.00;5.542562
10.48;1.00;9.586519
10.59;1.00;13.821483
10.69;1.00;18.251819
10.79;1.00;22.881938
10.89;1.00;27.716289
10.99;1.00;32.759365
11.09;1.00;38.015698
11.19;1.00;43.489864
11.29;1.00;49.186480
11.39;1.00;55.110203
11.49;1.00;61.265734
11.59;1.00;67.657815
11.69;1.00;74.291227
11.79;1.00;81.170797
11.89;1.00;88.301390
11.99;1.00;95.687913
12.09;1.00;103.335317
12.19;1.00;111.248593
12.29;1.00;119.432772
12.39;1.00;127.892930
12.49;1.00;136.634181
12.59;1.00;145.661685
12.69;1.00;154.980638
12.79;1.00;164.596282
12.89;1.00;174.513900
12.99;1.00;184.738814
13.09;1.00;195.276390
13.19;1.00;206.132036
13.29;1.00;217.311199
13.39;1.00;228.819370
13.49;1.00;240.662080
13.60;1.00;252.844903
13.70;1.00;265.373453
13.80;1.00;278.253388
13.90;1.00;291.490405
14.00;1.00;305.090244
14.10;1.00;319.058686
14.20;1.00;333.401554
14.30;1.00;348.124712
14.40;1.00;363.234067
14.50;1.00;378.735566
14.60;1.00;394.635198
14.70;1.00;410.938995
14.80;1.00;427.653027
14.90;1.00;444.783411
15.00;1.00;462.336300
-15.00;2.00;843.936300
-14.90;2.00;821.295468
-14.80;2.00;799.111288
-14.70;2.00;777.377607
-14.60;2.00;756.088309
-14.50;2.00;735.237323
-14.40;2.00;714.818618
-14.30;2.00;694.826203
-14.20;2.00;675.254133
-14.10;2.00;656.096500
-14.00;2.00;637.347440
-13.90;2.00;619.001131
-13.80;2.00;601.051791
-13.70;2.00;583.493680
-13.60;2.00;566.321101
-13.49;2.00;549.528397
-13.39;2.00;533.109952
-13.29;2.00;517.060195
-13.19;2.00;501.373592
-13.09;2.00;486.044654
-12.99;2.00;471.067933
-12.89;2.00;456.438021
-12.79;2.00;442.149553
-12.69;2.00;428.197206
-12.59;2.00;414.575697
-12.49;2.00;401.279785
-12.39;2.00;388.304272
-12.29;2.00;375.644000
-12.19;2.00;363.293854
-12.09;2.00;351.248759
-11.99;2.00;339.503683
-11.89;2.00;328.053634
-11.79;2.00;316.893664
-11.69;2.00;306.018863
-11.59;2.00;295.424368
-11.49;2.00;285.105351
-11.39;2.00;275.057031
-11.29;2.00;265.274666
-11.19;2.00;255.753557
-11.09;2.00;246.489044
-10.99;2.00;237.476511
-10.89;2.00;228.711383
-10.79;2.00;220.189127
-10.69;2.00;211.905250
-10.59;2.00;203.855303
-10.48;2.00;196.034877
-10.38;2.00;188.439603
-10.28;2.00;181.065158
-10.18;2.00;173.907257
-10.08;2.00;166.961657
-9.98;2.00;160.224158
-9.88;2.00;153.690601
-9.78;2.00;147.356867
-9.68;2.00;141.218882
-9.58;2.00;135.272611
-9.48;2.00;129.514060
-9.38;2.00;123.939279
-9.28;2.00;118.544357
-9.18;2.00;113.325428
-9.08;2.00;108.278665
-8.98;2.00;103.400282
-8.88;2.00;98.686536
-8.78;2.00;94.133726
-8.68;2.00;89.738192
-8.58;2.00;85.496315
-8.48;2.00;81.404518
-8.38;2.00;77.459266
-8.28;2.00;73.657065
-8.18;2.00;69.994464
-8.08;2.00;66.468051
-7.98;2.00;63.074458
-7.88;2.00;59.810357
-7.78;2.00;56.672462
-7.68;2.00;53.657531
-7.58;2.00;50.762358
-7.47;2.00;47.983785
-7.37;2.00;45.318692
-7.27;2.00;42.764000
-7.17;2.00;40.316673
-7.07;2.00;37.973718
-6.97;2.00;35.732180
-6.87;2.00;33.589149
-6.77;2.00;31.541754
-6.67;2.00;29.587168
-6.57;2.00;27.722603
-6.47;2.00;25.945315
-6.37;2.00;24.252600
-6.27;2.00;22.641797
-6.17;2.00;21.110284
-6.07;2.00;19.655484
-5.97;2.00;18.274860
-5.87;2.00;16.965915
-5.77;2.00;15.726195
-5.67;2.00;14.553290
-5.57;2.00;13.444827
-5.47;2.00;12.398477
-5.37;2.00;11.411954
-5.27;2.00;10.483011
-5.17;2.00;9.609444
-5.07;2.00;8.789089
-4.97;2.00;8.019827
-4.87;2.00;7.299576
-4.77;2.00;6.626300
-4.67;2.00;5.998002
-4.57;2.00;5.412727
-4.46;2.00;4.868561
-4.36;2.00;4.363634
-4.26;2.00;3.896114
-4.16;2.00;3.464215
-4.06;2.00;3.066188
-3.96;2.00;2.700329
-3.86;2.00;2.364973
-3.76;2.00;2.058499
-3.66;2.00;1.779327
-3.56;2.00;1.525917
-3.46;2.00;1.296772
-3.36;2.00;1.090437
-3.26;2.00;0.905497
-3.16;2.00;0.740579
-3.06;2.00;0.594353
-2.96;2.00;0.465530
-2.86;2.00;0.352862
-2.76;2.00;0.255142
-2.66;2.00;0.171206
-2.56;2.00;0.099931
-2.46;2.00;0.040235
-2.36;2.00;-0.008920
-2.26;2.00;-0.048534
-2.16;2.00;-0.079563
-2.06;2.00;-0.102922
-1.96;2.00;-0.119485
-1.86;2.00;-0.130083
-1.76;2.00;-0.135506
-1.66;2.00;-0.136504
-1.56;2.00;-0.133782
-1.45;2.00;-0.128008
-1.35;2.00;-0.119804
-1.25;2.00;-0.109753
-1.15;2.00;-0.098395
-1.05;2.00;-0.086230
-0.95;2.00;-0.073716
-0.85;2.00;-0.061267
-0.75;2.00;-0.049259
-0.65;2.00;-0.038024
-0.55;2.00;-0.027853
-0.45;2.00;-0.018997
-0.35;2.00;-0.011662
-0.25;2.00;-0.006015
-0.15;2.00;-0.002181
-0.05;2.00;-0.000243
0.05;2.00;-0.000243
0.15;2.00;-0.002181
0.25;2.00;-0.006015
0.35;2.00;-0.011662
0.45;2.00;-0.018997
0.55;2.00;-0.027853
0.65;2.00;-0.038024
0.75;2.00;-0.049259
0.85;2.00;-0.061267
0.95;2.00;-0.073716
1.05;2.00;-0.086230
1.15;2.00;-0.098395
1.25;2.00;-0.109753
1.35;2.00;-0.119804
1.45;2.00;-0.128008
1.56;2.00;-0.133782
1.66;2.00;-0.136504
1.76;2.00;-0.135506
1.86;2.00;-0.130083
1.96;2.00;-0.119485
2.06;2.00;-0.102922
2.16;2.00;-0.079563
2.26;2.00;-0.048534
2.36;2.00;-0.008920
2.46;2.00;0.040235
2.56;2.00;0.099931
2.66;2.00;0.171206
2.76;2.00;0.255142
2.86;2.00;0.352862
2.96;2.00;0.465530
3.06;2.00;0.594353
3.16;2.00;0.740579
3.26;2.00;0.905497
3.36;2.00;1.090437
3.46;2.00;1.296772
3.56;2.00;1.525917
3.66;2.00;1.779327
3.76;2.00;2.058499
3.86;2.00;2.364973
3.96;2.00;2.700329
4.06;2.00;3.066188
4.16;2.00;3.464215
4.26;2.00;3.896114
4.36;2.00;4.363634
4.46;2.00;4.868561
4.57;2.00;5.412727
4.67;2.00;5.998002
4.77;2.00;6.626300
4.87;2.00;7.299576
4.97;2.00;8.019827
5.07;2.00;8.789089
5.17;2.00;9.609444
5.27;2.00;10.483011
5.37;2.00;11.411954
5.47;2.00;12.398477
5.57;2.00;13.444827
5.67;2.00;14.553290
5.77;2.00;15.726195
5.87;2.00;16.965915
5.97;2.00;18.274860
6.07;2.00;19.655484
6.17;2.00;21.110284
6.27;2.00;22.641797
6.37;2.00;24.252600
6.47;2.00;25.945315
6.57;2.00;27.722603
6.67;2.00;29.587168
6.77;2.00;31.541754
6.87;2.00;33.589149
6.97;2.00;35.732180
7.07;2.00;37.973718
7.17;2.00;40.316673
7.27;2.00;42.764000
7.37;2.00;45.318692
7.47;2.00;47.983785
7.58;2.00;50.762358
7.68;2.00;53.657531
7.78;2.00;56.672462
7.88;2.00;59.810357
7.98;2.00;63.074458
8.08;2.00;66.468051
8.18;2.00;69.994464
8.28;2.00;73.657065
8.38;2.00;77.459266
8.48;2.00;81.404518
8.58;2.00;85.496315
8.68;2.00;89.738192
8.78;2.00;94.133726
8.88;2.00;98.686536
8.98;2.00;103.400282
9.08;2.00;108.278665
9.18;2.00;113.325428
9.28;2.00;118.544357
9.38;2.00;123.939279
9.48;2.00;129.514060
9.58;2.00;135.272611
9.68;2.00;141.218882
9.78;2.00;147.356867
9.88;2.00;153.690601
9.98;2.00;160.224158
10.08;2.00;166.961657
10.18;2.00;173.907257
10.28;2.00;181.065158
10.38;2.00;188.439603
10.48;2.00;196.034877
10.59;2.00;203.855303
10.69;2.00;211.905250
10.79;2.00;220.189127
10.89;2.00;228.711383
10.99;2.00;237.476511
11.09;2.00;246.489044
11.19;2.00;255.753557
11.29;2.00;265.274666
11.39;2.00;275.057031
11.49;2.00;285.105351
11.59;2.00;295.424368
11.69;2.00;306.018863
11.79;2.00;316.893664
11.89;2.00;328.053634
11.99;2.00;339.503683
12.09;2.00;351.248759
12.19;2.00;363.293854
12.29;2.00;375.644000
12.39;2.00;388.304272
12.49;2.00;401.279785
12.59;2.00;414.575697
12.69;2.00;428.197206
12.79;2.00;442.149553
12.89;2.00;456.438021
12.99;2.00;471.067933
13.09;2.00;486.044654
13.19;2.00;501.373592
13.29;2.00;517.060195
13.39;2.00;533.109952
13.49;2.00;549.528397
13.60;2.00;566.321101
13.70;2.00;583.493680
13.80;2.00;601.051791
13.90;2.00;619.001131
14.00;2.00;637.347440
14.10;2.00;656.096500
14.20;2.00;675.254133
14.30;2.00;694.826203
14.40;2.00;714.818618
14.50;2.00;735.237323
14.60;2.00;756.088309
14.70;2.00;777.377607
14.80;2.00;799.111288
14.90;2.00;821.295468
15.00;2.00;843.936300
-15.00;3.00;1225.536300
-14.90;3.00;1197.807524
-14.80;3.00;1170.569550
-14.70;3.00;1143.816220
-14.60;3.00;1117.541421
-14.50;3.00;1091.739081
-14.40;3.00;1066.403168
-14.30;3.00;1041.527694
-14.20;3.00;1017.106712
-14.10;3.00;993.134314
-14.00;3.00;969.604637
-13.90;3.00;946.511857
-13.80;3.00;923.850194
-13.70;3.00;901.613907
-13.60;3.00;879.797299
-13.49;3.00;858.394714
-13.39;3.00;837.400535
-13.29;3.00;816.809191
-13.19;3.00;796.615149
-13.09;3.00;776.812919
-12.99;3.00;757.397052
-12.89;3.00;738.362143
-12.79;3.00;719.702825
-12.69;3.00;701.413774
-12.59;3.00;683.489709
-12.49;3.00;665.925389
-12.39;3.00;648.715614
-12.29;3.00;631.855228
-12.19;3.00;615.339115
-12.09;3.00;599.162201
-11.99;3.00;583.319452
-11.89;3.00;567.805878
-11.79;3.00;552.616530
-11.69;3.00;537.746500
-11.59;3.00;523.190921
-11.49;3.00;508.944968
-11.39;3.00;495.003860
-11.29;3.00;481.362853
-11.19;3.00;468.017249
-11.09;3.00;454.962390
-10.99;3.00;442.193657
-10.89;3.00;429.706477
-10.79;3.00;417.496316
-10.69;3.00;405.558682
-10.59;3.00;393.889124
-10.48;3.00;382.483234
-10.38;3.00;371.336645
-10.28;3.00;360.445031
-10.18;3.00;349.804108
-10.08;3.00;339.409634
-9.98;3.00;329.257408
-9.88;3.00;319.343271
-9.78;3.00;309.663106
-9.68;3.00;300.212835
-9.58;3.00;290.988426
-9.48;3.00;281.985884
-9.38;3.00;273.201260
-9.28;3.00;264.630643
-9.18;3.00;256.270165
-9.08;3.00;248.116000
-8.98;3.00;240.164363
-8.88;3.00;232.411510
-8.78;3.00;224.853740
-8.68;3.00;217.487394
-8.58;3.00;210.308851
-8.48;3.00;203.314537
-8.38;3.00;196.500914
-8.28;3.00;189.864490
-8.18;3.00;183.401813
-8.08;3.00;177.109471
-7.98;3.00;170.984096
-7.88;3.00;165.022361
-7.78;3.00;159.220980
-7.68;3.00;153.576708
-7.58;3.00;148.086344
-7.47;3.00;142.746725
-7.37;3.00;137.554734
-7.27;3.00;132.507291
-7.17;3.00;127.601361
-7.07;3.00;122.833950
-6.97;3.00;118.202103
-6.87;3.00;113.702910
-6.77;3.00;109.333501
-6.67;3.00;105.091048
-6.57;3.00;100.972763
-6.47;3.00;96.975903
-6.37;3.00;93.097763
-6.27;3.00;89.335682
-6.17;3.00;85.687039
-6.07;3.00;82.149255
-5.97;3.00;78.719794
-5.87;3.00;75.396160
-5.77;3.00;72.175900
-5.67;3.00;69.056600
-5.57;3.00;66.035890
-5.47;3.00;63.111440
-5.37;3.00;60.280965
-5.27;3.00;57.542216
-5.17;3.00;54.892991
-5.07;3.00;52.331126
-4.97;3.00;49.854500
-4.87;3.00;47.461033
-4.77;3.00;45.148688
-4.67;3.00;42.915468
-4.57;3.00;40.759418
-4.46;3.00;38.678626
-4.36;3.00;36.671219
-4.26;3.00;34.735367
-4.16;3.00;32.869282
-4.06;3.00;31.071217
-3.96;3.00;29.339467
-3.86;3.00;27.672368
-3.76;3.00;26.068298
-3.66;3.00;24.525677
-3.56;3.00;23.042965
-3.46;3.00;21.618666
-3.36;3.00;20.251323
-3.26;3.00;18.939523
-3.16;3.00;17.681893
-3.06;3.00;16.477102
-2.96;3.00;15.323861
-2.86;3.00;14.220921
-2.76;3.00;13.167078
-2.66;3.00;12.161166
-2.56;3.00;11.202062
-2.46;3.00;10.288684
-2.36;3.00;9.419994
-2.26;3.00;8.594993
-2.16;3.00;7.812724
-2.06;3.00;7.072272
-1.96;3.00;6.372765
-1.86;3.00;5.713369
-1.76;3.00;5.093295
-1.66;3.00;4.511793
-1.56;3.00;3.968158
-1.45;3.00;3.461724
-1.35;3.00;2.991866
-1.25;3.00;2.558003
-1.15;3.00;2.159593
-1.05;3.00;1.796138
-0.95;3.00;1.467180
-0.85;3.00;1.172303
-0.75;3.00;0.911133
-0.65;3.00;0.683337
-0.55;3.00;0.488624
-0.45;3.00;0.326744
-0.35;3.00;0.197490
-0.25;3.00;0.100695
-0.15;3.00;0.036235
-0.05;3.00;0.004025
0.05;3.00;0.004025
0.15;3.00;0.036235
0.25;3.00;0.100695
0.35;3.00;0.197490
0.45;3.00;0.326744
0.55;3.00;0.488624
0.65;3.00;0.683337
0.75;3.00;0.911133
0.85;3.00;1.172303
0.95;3.00;1.467180
1.05;3.00;1.796138
1.15;3.00;2.159593
1.25;3.00;2.558003
1.35;3.00;2.991866
1.45;3.00;3.461724
1.56;3.00;3.968158
1.66;3.00;4.511793
1.76;3.00;5.093295
1.86;3.00;5.713369
1.96;3.00;6.372765
2.06;3.00;7.072272
2.16;3.00;7.812724
2.26;3.00;8.594993
2.36;3.00;9.419994
2.46;3.00;10.288684
2.56;3.00;11.202062
2.66;3.00;12.161166
2.76;3.00;13.167078
2.86;3.00;14.220921
2.96;3.00;15.323861
3.06;3.00;16.477102
3.16;3.00;17.681893
3.26;3.00;18.939523
3.36;3.00;20.251323
3.46;3.00;21.618666
3.56;3.00;23.042965
3.66;3.00;24.525677
3.76;3.00;26.068298
3.86;3.00;27.672368
3.96;3.00;29.339467
4.06;3.00;31.071217
4.16;3.00;32.869282
4.26;3.00;34.735367
4.36;3.00;36.671219
4.46;3.00;38.678626
4.57;3.00;40.759418
4.67;3.00;42.915468
4.77;3.00;45.148688
4.87;3.00;47.461033
4.97;3.00;49.854500
5.07;3.00;52.331126
5.17;3.00;54.892991
5.27;3.00;57.542216
5.37;3.00;60.280965
5.47;3.00;63.111440
5.57;3.00;66.035890
5.67;3.00;69.056600
5.77;3.00;72.175900
5.87;3.00;75.396160
5.97;3.00;78.719794
6.07;3.00;82.149255
6.17;3.00;85.687039
6.27;3.00;89.335682
6.37;3.00;93.097763
6.47;3.00;96.975903
6.57;3.00;100.972763
6.67;3.00;105.091048
6.77;3.00;109.333501
6.87;3.00;113.702910
6.97;3.00;118.202103
7.07;3.00;122.833950
7.17;3.00;127.601361
7.27;3.00;132.507291
7.37;3.00;137.554734
7.47;3.00;142.746725
7.58;3.00;148.086344
7.68;3.00;153.576708
7.78;3.00;159.220980
7.88;3.00;165.022361
7.98;3.00;170.984096
8.08;3.00;177.109471
8.18;3.00;183.401813
8.28;3.00;189.864490
8.38;3.00;196.500914
8.48;3.00;203.314537
8.58;3.00;210.308851
8.68;3.00;217.487394
8.78;3.00;224.853740
8.88;3.00;232.411510
8.98;3.00;240.164363
9.08;3.00;248.116000
9.18;3.00;256.270165
9.28;3.00;264.630643
9.38;3.00;273.201260
9.48;3.00;281.985884
9.58;3.00;290.988426
9.68;3.00;300.212835
9.78;3.00;309.663106
9.88;3.00;319.343271
9.98;3.00;329.257408
10.08;3.00;339.409634
10.18;3.00;349.804108
10.28;3.00;360.445031
10.38;3.00;371.336645
10.48;3.00;382.483234
10.59;3.00;393.889124
10.69;3.00;405.558682
10.79;3.00;417.496316
10.89;3.00;429.706477
10.99;3.00;442.193657
11.09;3.00;454.962390
11.19;3.00;468.017249
11.29;3.00;481.362853
11.39;3.00;495.003860
11.49;3.00;508.944968
11.59;3.00;523.190921
11.69;3.00;537.746500
11.79;3.00;552.616530
11.89;3.00;567.805878
11.99;3.00;583.319452
12.09;3.00;599.162201
12.19;3.00;615.339115
12.29;3.00;631.855228
12.39;3.00;648.715614
12.49;3.00;665.925389
12.59;3.00;683.489709
12.69;3.00;701.413774
12.79;3.00;719.702825
12.89;3.00;738.362143
12.99;3.00;757.397052
13.09;3.00;776.812919
13.19;3.00;796.615149
13.29;3.00;816.809191
13.39;3.00;837.400535
13.49;3.00;858.394714
13.60;3.00;879.797299
13.70;3.00;901.613907
13.80;3.00;923.850194
13.90;3.00;946.511857
14.00;3.00;969.604637
14.10;3.00;993.134314
14.20;3.00;1017.106712
14.30;3.00;1041.527694
14.40;3.00;1066.403168
14.50;3.00;1091.739081
14.60;3.00;1117.541421
14.70;3.00;1143.816220
14.80;3.00;1170.569550
14.90;3.00;1197.807524
15.00;3.00;1225.536300
-15.00;4.00;1607.136300
-14.90;4.00;1574.319581
-14.80;4.00;1542.027811
-14.70;4.00;1510.254832
-14.60;4.00;1478.994532
-14.50;4.00;1448.240838
-14.40;4.00;1417.987719
-14.30;4.00;1388.229185
-14.20;4.00;1358.959290
-14.10;4.00;1330.172128
-14.00;4.00;1301.861833
-13.90;4.00;1274.022583
-13.80;4.00;1246.648596
-13.70;4.00;1219.734134
-13.60;4.00;1193.273498
-13.49;4.00;1167.261031
-13.39;4.00;1141.691118
-13.29;4.00;1116.558187
-13.19;4.00;1091.856705
-13.09;4.00;1067.581183
-12.99;4.00;1043.726172
-12.89;4.00;1020.286265
-12.79;4.00;997.256096
-12.69;4.00;974.630342
-12.59;4.00;952.403721
-12.49;4.00;930.570992
-12.39;4.00;909.126956
-12.29;4.00;888.066456
-12.19;4.00;867.384376
-12.09;4.00;847.075642
-11.99;4.00;827.135221
-11.89;4.00;807.558123
-11.79;4.00;788.339397
-11.69;4.00;769.474136
-11.59;4.00;750.957474
-11.49;4.00;732.784585
-11.39;4.00;714.950688
-11.29;4.00;697.451040
-11.19;4.00;680.280942
-11.09;4.00;663.435736
-10.99;4.00;646.910804
-10.89;4.00;630.701571
-10.79;4.00;614.803505
-10.69;4.00;599.212113
-10.59;4.00;583.922944
-10.48;4.00;568.931591
-10.38;4.00;554.233686
-10.28;4.00;539.824903
-10.18;4.00;525.700959
-10.08;4.00;511.857611
-9.98;4.00;498.290658
-9.88;4.00;484.995942
-9.78;4.00;471.969344
-9.68;4.00;459.206788
-9.58;4.00;446.704241
-9.48;4.00;434.457709
-9.38;4.00;422.463241
-9.28;4.00;410.716928
-9.18;4.00;399.214902
-9.08;4.00;387.953335
-8.98;4.00;376.928443
-8.88;4.00;366.136484
-8.78;4.00;355.573755
-8.68;4.00;345.236596
-8.58;4.00;335.121388
-8.48;4.00;325.224556
-8.38;4.00;315.542562
-8.28;4.00;306.071915
-8.18;4.00;296.809162
-8.08;4.00;287.750891
-7.98;4.00;278.893735
-7.88;4.00;270.234365
-7.78;4.00;261.769497
-7.68;4.00;253.495886
-7.58;4.00;245.410329
-7.47;4.00;237.509665
-7.37;4.00;229.790776
-7.27;4.00;222.250583
-7.17;4.00;214.886049
-7.07;4.00;207.694182
-6.97;4.00;200.672026
-6.87;4.00;193.816672
-6.77;4.00;187.125248
-6.67;4.00;180.594928
-6.57;4.00;174.222924
-6.47;4.00;168.006491
-6.37;4.00;161.942926
-6.27;4.00;156.029567
-6.17;4.00;150.263793
-6.07;4.00;144.643026
-5.97;4.00;139.164729
-5.87;4.00;133.826406
-5.77;4.00;128.625604
-5.67;4.00;123.559909
-5.57;4.00;118.626952
-5.47;4.00;113.824403
-5.37;4.00;109.149975
-5.27;4.00;104.601421
-5.17;4.00;100.176538
-5.07;4.00;95.873162
-4.97;4.00;91.689173
-4.87;4.00;87.622490
-4.77;4.00;83.671076
-4.67;4.00;79.832934
-4.57;4.00;76.106110
-4.46;4.00;72.488691
-4.36;4.00;68.978804
-4.26;4.00;65.574619
-4.16;4.00;62.274349
-4.06;4.00;59.076246
-3.96;4.00;55.978605
-3.86;4.00;52.979763
-3.76;4.00;50.078097
-3.66;4.00;47.272026
-3.56;4.00;44.560013
-3.46;4.00;41.940559
-3.36;4.00;39.412209
-3.26;4.00;36.973550
-3.16;4.00;34.623207
-3.06;4.00;32.359850
-2.96;4.00;30.182191
-2.86;4.00;28.088981
-2.76;4.00;26.079014
-2.66;4.00;24.151125
-2.56;4.00;22.304192
-2.46;4.00;20.537134
-2.36;4.00;18.848909
-2.26;4.00;17.238521
-2.16;4.00;15.705012
-2.06;4.00;14.247467
-1.96;4.00;12.865014
-1.86;4.00;11.556820
-1.76;4.00;10.322095
-1.66;4.00;9.160090
-1.56;4.00;8.070099
-1.45;4.00;7.051456
-1.35;4.00;6.103536
-1.25;4.00;5.225758
-1.15;4.00;4.417581
-1.05;4.00;3.678506
-0.95;4.00;3.008075
-0.85;4.00;2.405873
-0.75;4.00;1.871525
-0.65;4.00;1.404698
-0.55;4.00;1.005101
-0.45;4.00;0.672486
-0.35;4.00;0.406642
-0.25;4.00;0.207406
-0.15;4.00;0.074650
-0.05;4.00;0.008294
0.05;4.00;0.008294
0.15;4.00;0.074650
0.25;4.00;0.207406
0.35;4.00;0.406642
0.45;4.00;0.672486
0.55;4.00;1.005101
0.65;4.00;1.404698
0.75;4.00;1.871525
0.85;4.00;2.405873
0.95;4.00;3.008075
1.05;4.00;3.678506
1.15;4.00;4.417581
1.25;4.00;5.225758
1.35;4.00;6.103536
1.45;4.00;7.051456
1.56;4.00;8.070099
1.66;4.00;9.160090
1.76;4.00;10.322095
1.86;4.00;11.556820
1.96;4.00;12.865014
2.06;4.00;14.247467
2.16;4.00;15.705012
2.26;4.00;17.238521
2.36;4.00;18.848909
2.46;4.00;20.537134
2.56;4.00;22.304192
2.66;4.00;24.151125
2.76;4.00;26.079014
2.86;4.00;28.088981
2.96;4.00;30.182191
3.06;4.00;32.359850
3.16;4.00;34.623207
3.26;4.00;36.973550
3.36;4.00;39.412209
3.46;4.00;41.940559
3.56;4.00;44.560013
3.66;4.00;47.272026
3.76;4.00;50.078097
3.86;4.00;52.979763
3.96;4.00;55.978605
4.06;4.00;59.076246
4.16;4.00;62.274349
4.26;4.00;65.574619
4.36;4.00;68.978804
4.46;4.00;72.488691
4.57;4.00;76.106110
4.67;4.00;79.832934
4.77;4.00;83.671076
4.87;4.00;87.622490
4.97;4.00;91.689173
5.07;4.00;95.873162
5.17;4.00;100.176538
5.27;4.00;104.601421
5.37;4.00;109.149975
5.47;4.00;113.824403
5.57;4.00;118.626952
5.67;4.00;123.559909
5.77;4.00;128.625604
5.87;4.00;133.826406
5.97;4.00;139.164729
6.07;4.00;144.643026
6.17;4.00;150.263793
6.27;4.00;156.029567
6.37;4.00;161.942926
6.47;4.00;168.006491
6.57;4.00;174.222924
6.67;4.00;180.594928
6.77;4.00;187.125248
6.87;4.00;193.816672
6.97;4.00;200.672026
7.07;4.00;207.694182
7.17;4.00;214.886049
7.27;4.00;222.250583
7.37;4.00;229.790776
7.47;4.00;237.509665
7.58;4.00;245.410329
7.68;4.00;253.495886
7.78;4.00;261.769497
7.88;4.00;270.234365
7.98;4.00;278.893735
8.08;4.00;287.750891
8.18;4.00;296.809162
8.28;4.00;306.071915
8.38;4.00;315.542562
8.48;4.00;325.224556
8.58;4.00;335.121388
8.68;4.00;345.236596
8.78;4.00;355.573755
8.88;4.00;366.136484
8.98;4.00;376.928443
9.08;4.00;387.953335
9.18;4.00;399.214902
9.28;4.00;410.716928
9.38;4.00;422.463241
9.48;4.00;434.457709
9.58;4.00;446.704241
9.68;4.00;459.206788
9.78;4.00;471.969344
9.88;4.00;484.995942
9.98;4.00;498.290658
10.08;4.00;511.857611
10.18;4.00;525.700959
10.28;4.00;539.824903
10.38;4.00;554.233686
10.48;4.00;568.931591
10.59;4.00;583.922944
10.69;4.00;599.212113
10.79;4.00;614.803505
10.89;4.00;630.701571
10.99;4.00;646.910804
11.09;4.00;663.435736
11.19;4.00;680.280942
11.29;4.00;697.451040
11.39;4.00;714.950688
11.49;4.00;732.784585
11.59;4.00;750.957474
11.69;4.00;769.474136
11.79;4.00;788.339397
11.89;4.00;807.558123
11.99;4.00;827.135221
12.09;4.00;847.075642
12.19;4.00;867.384376
12.29;4.00;888.066456
12.39;4.00;909.126956
12.49;4.00;930.570992
12.59;4.00;952.403721
12.69;4.00;974.630342
12.79;4.00;997.256096
12.89;4.00;1020.286265
12.99;4.00;1043.726172
13.09;4.00;1067.581183
13.19;4.00;1091.856705
13.29;4.00;1116.558187
13.39;4.00;1141.691118
13.49;4.00;1167.261031
13.60;4.00;1193.273498
13.70;4.00;1219.734134
13.80;4.00;1246.648596
13.90;4.00;1274.022583
14.00;4.00;1301.861833
14.10;4.00;1330.172128
14.20;4.00;1358.959290
14.30;4.00;1388.229185
14.40;4.00;1417.987719
14.50;4.00;1448.240838
14.60;4.00;1478.994532
14.70;4.00;1510.254832
14.80;4.00;1542.027811
14.90;4.00;1574.319581
15.00;4.00;1607.136300
-15.00;5.00;1988.736300
-14.90;5.00;1950.831638
-14.80;5.00;1913.486072
-14.70;5.00;1876.693445
-14.60;5.00;1840.447643
-14.50;5.00;1804.742595
-14.40;5.00;1769.572269
-14.30;5.00;1734.930676
-14.20;5.00;1700.811869
-14.10;5.00;1667.209942
-14.00;5.00;1634.119029
-13.90;5.00;1601.533309
-13.80;5.00;1569.446999
-13.70;5.00;1537.854361
-13.60;5.00;1506.749696
-13.49;5.00;1476.127348
-13.39;5.00;1445.981701
-13.29;5.00;1416.307183
-13.19;5.00;1387.098262
-13.09;5.00;1358.349447
-12.99;5.00;1330.055291
-12.89;5.00;1302.210386
-12.79;5.00;1274.809367
-12.69;5.00;1247.846910
-12.59;5.00;1221.317733
-12.49;5.00;1195.216596
-12.39;5.00;1169.538298
-12.29;5.00;1144.277684
-12.19;5.00;1119.429638
-12.09;5.00;1094.989084
-11.99;5.00;1070.950991
-11.89;5.00;1047.310367
-11.79;5.00;1024.062263
-11.69;5.00;1001.201772
-11.59;5.00;978.724026
-11.49;5.00;956.624202
-11.39;5.00;934.897516
-11.29;5.00;913.539227
-11.19;5.00;892.544635
-11.09;5.00;871.909082
-10.99;5.00;851.627950
-10.89;5.00;831.696665
-10.79;5.00;812.110694
-10.69;5.00;792.865544
-10.59;5.00;773.956765
-10.48;5.00;755.379949
-10.38;5.00;737.130728
-10.28;5.00;719.204776
-10.18;5.00;701.597810
-10.08;5.00;684.305588
-9.98;5.00;667.323908
-9.88;5.00;650.648612
-9.78;5.00;634.275582
-9.68;5.00;618.200741
-9.58;5.00;602.420056
-9.48;5.00;586.929534
-9.38;5.00;571.725223
-9.28;5.00;556.803214
-9.18;5.00;542.159638
-9.08;5.00;527.790670
-8.98;5.00;513.692524
-8.88;5.00;499.861458
-8.78;5.00;486.293769
-8.68;5.00;472.985797
-8.58;5.00;459.933925
-8.48;5.00;447.134574
-8.38;5.00;434.584211
-8.28;5.00;422.279340
-8.18;5.00;410.216510
-8.08;5.00;398.392311
-7.98;5.00;386.803373
-7.88;5.00;375.446370
-7.78;5.00;364.318014
-7.68;5.00;353.415063
-7.58;5.00;342.734314
-7.47;5.00;332.272605
-7.37;5.00;322.026818
-7.27;5.00;311.993874
-7.17;5.00;302.170737
-7.07;5.00;292.554413
-6.97;5.00;283.141949
-6.87;5.00;273.930433
-6.77;5.00;264.916996
-6.67;5.00;256.098808
-6.57;5.00;247.473084
-6.47;5.00;239.037079
-6.37;5.00;230.788089
-6.27;5.00;222.723451
-6.17;5.00;214.840547
-6.07;5.00;207.136797
-5.97;5.00;199.609664
-5.87;5.00;192.256652
-5.77;5.00;185.075308
-5.67;5.00;178.063219
-5.57;5.00;171.218015
-5.47;5.00;164.537366
-5.37;5.00;158.018985
-5.27;5.00;151.660627
-5.17;5.00;145.460085
-5.07;5.00;139.415199
-4.97;5.00;133.523846
-4.87;5.00;127.783947
-4.77;5.00;122.193464
-4.67;5.00;116.750401
-4.57;5.00;111.452802
-4.46;5.00;106.298755
-4.36;5.00;101.286388
-4.26;5.00;96.413871
-4.16;5.00;91.679416
-4.06;5.00;87.081275
-3.96;5.00;82.617743
-3.86;5.00;78.287157
-3.76;5.00;74.087895
-3.66;5.00;70.018376
-3.56;5.00;66.077061
-3.46;5.00;62.262453
-3.36;5.00;58.573096
-3.26;5.00;55.007576
-3.16;5.00;51.564521
-3.06;5.00;48.242599
-2.96;5.00;45.040522
-2.86;5.00;41.957041
-2.76;5.00;38.990950
-2.66;5.00;36.141085
-2.56;5.00;33.406323
-2.46;5.00;30.785583
-2.36;5.00;28.277824
-2.26;5.00;25.882048
-2.16;5.00;23.597299
-2.06;5.00;21.422662
-1.96;5.00;19.357264
-1.86;5.00;17.400272
-1.76;5.00;15.550896
-1.66;5.00;13.808387
-1.56;5.00;12.172040
-1.45;5.00;10.641187
-1.35;5.00;9.215206
-1.25;5.00;7.893513
-1.15;5.00;6.675569
-1.05;5.00;5.560874
-0.95;5.00;4.548971
-0.85;5.00;3.639443
-0.75;5.00;2.831917
-0.65;5.00;2.126059
-0.55;5.00;1.521579
-0.45;5.00;1.018227
-0.35;5.00;0.615794
-0.25;5.00;0.314116
-0.15;5.00;0.113066
-0.05;5.00;0.012562
0.05;5.00;0.012562
0.15;5.00;0.113066
0.25;5.00;0.314116
0.35;5.00;0.615794
0.45;5.00;1.018227
0.55;5.00;1.521579
0.65;5.00;2.126059
0.75;5.00;2.831917
0.85;5.00;3.639443
0.95;5.00;4.548971
1.05;5.00;5.560874
1.15;5.00;6.675569
1.25;5.00;7.893513
1.35;5.00;9.215206
1.45;5.00;10.641187
1.56;5.00;12.172040
1.66;5.00;13.808387
1.76;5.00;15.550896
1.86;5.00;17.400272
1.96;5.00;19.357264
2.06;5.00;21.422662
2.16;5.00;23.597299
2.26;5.00;25.882048
2.36;5.00;28.277824
2.46;5.00;30.785583
2.56;5.00;33.406323
2.66;5.00;36.141085
2.76;5.00;38.990950
2.86;5.00;41.957041
2.96;5.00;45.040522
3.06;5.00;48.242599
3.16;5.00;51.564521
3.26;5.00;55.007576
3.36;5.00;58.573096
3.46;5.00;62.262453
3.56;5.00;66.077061
3.66;5.00;70.018376
3.76;5.00;74.087895
3.86;5.00;78.287157
3.96;5.00;82.617743
4.06;5.00;87.081275
4.16;5.00;91.679416
4.26;5.00;96.413871
4.36;5.00;101.286388
4.46;5.00;106.298755
4.57;5.00;111.452802
4.67;5.00;116.750401
4.77;5.00;122.193464
4.87;5.00;127.783947
4.97;5.00;133.523846
5.07;5.00;139.415199
5.17;5.00;145.460085
5.27;5.00;151.660627
5.37;5.00;158.018985
5.47;5.00;164.537366
5.57;5.00;171.218015
5.67;5.00;178.063219
5.77;5.00;185.075308
5.87;5.00;192.256652
5.97;5.00;199.609664
6.07;5.00;207.136797
6.17;5.00;214.840547
6.27;5.00;222.723451
6.37;5.00;230.788089
6.47;5.00;239.037079
6.57;5.00;247.473084
6.67;5.00;256.098808
6.77;5.00;264.916996
6.87;5.00;273.930433
6.97;5.00;283.141949
7.07;5.00;292.554413
7.17;5.00;302.170737
7.27;5.00;311.993874
7.37;5.00;322.026818
7.47;5.00;332.272605
7.58;5.00;342.734314
7.68;5.00;353.415063
7.78;5.00;364.318014
7.88;5.00;375.446370
7.98;5.00;386.803373
8.08;5.00;398.392311
8.18;5.00;410.216510
8.28;5.00;422.279340
8.38;5.00;434.584211
8.48;5.00;447.134574
8.58;5.00;459.933925
8.68;5.00;472.985797
8.78;5.00;486.293769
8.88;5.00;499.861458
8.98;5.00;513.692524
9.08;5.00;527.790670
9.18;5.00;542.159638
9.28;5.00;556.803214
9.38;5.00;571.725223
9.48;5.00;586.929534
9.58;5.00;602.420056
9.68;5.00;618.200741
9.78;5.00;634.275582
9.88;5.00;650.648612
9.98;5.00;667.323908
10.08;5.00;684.305588
10.18;5.00;701.597810
10.28;5.00;719.204776
10.38;5.00;737.130728
10.48;5.00;755.379949
10.59;5.00;773.956765
10.69;5.00;792.865544
10.79;5.00;812.110694
10.89;5.00;831.696665
10.99;5.00;851.627950
11.09;5.00;871.909082
11.19;5.00;892.544635
11.29;5.00;913.539227
11.39;5.00;934.897516
11.49;5.00;956.624202
11.59;5.00;978.724026
11.69;5.00;1001.201772
11.79;5.00;1024.062263
11.89;5.00;1047.310367
11.99;5.00;1070.950991
12.09;5.00;1094.989084
12.19;5.00;1119.429638
12.29;5.00;1144.277684
12.39;5.00;1169.538298
12.49;5.00;1195.216596
12.59;5.00;1221.317733
12.69;5.00;1247.846910
12.79;5.00;1274.809367
12.89;5.00;1302.210386
12.99;5.00;1330.055291
13.09;5.00;1358.349447
13.19;5.00;1387.098262
13.29;5.00;1416.307183
13.39;5.00;1445.981701
13.49;5.00;1476.127348
13.60;5.00;1506.749696
13.70;5.00;1537.854361
13.80;5.00;1569.446999
13.90;5.00;1601.533309
14.00;5.00;1634.119029
14.10;5.00;1667.209942
14.20;5.00;1700.811869
14.30;5.00;1734.930676
14.40;5.00;1769.572269
14.50;5.00;1804.742595
14.60;5.00;1840.447643
14.70;5.00;1876.693445
14.80;5.00;1913.486072
14.90;5.00;1950.831638
15.00;5.00;1988.736300
-15.00;6.00;2370.336300
-14.90;6.00;2327.343695
-14.80;6.00;2284.944333
-14.70;6.00;2243.132057
-14.60;6.00;2201.900755
-14.50;6.00;2161.244352
-14.40;6.00;2121.156820
-14.30;6.00;2081.632168
-14.20;6.00;2042.664448
-14.10;6.00;2004.247756
-14.00;6.00;1966.376225
-13.90;6.00;1929.044034
-13.80;6.00;1892.245402
-13.70;6.00;1855.974588
-13.60;6.00;1820.225894
-13.49;6.00;1784.993664
-13.39;6.00;1750.272284
-13.29;6.00;1716.056179
-13.19;6.00;1682.339819
-13.09;6.00;1649.117712
-12.99;6.00;1616.384411
-12.89;6.00;1584.134508
-12.79;6.00;1552.362638
-12.69;6.00;1521.063478
-12.59;6.00;1490.231745
-12.49;6.00;1459.862199
-12.39;6.00;1429.949641
-12.29;6.00;1400.488912
-12.19;6.00;1371.474899
-12.09;6.00;1342.902526
-11.99;6.00;1314.766760
-11.89;6.00;1287.062611
-11.79;6.00;1259.785130
-11.69;6.00;1232.929408
-11.59;6.00;1206.490579
-11.49;6.00;1180.463819
-11.39;6.00;1154.844345
-11.29;6.00;1129.627414
-11.19;6.00;1104.808328
-11.09;6.00;1080.382427
-10.99;6.00;1056.345096
-10.89;6.00;1032.691759
-10.79;6.00;1009.417883
-10.69;6.00;986.518975
-10.59;6.00;963.990586
-10.48;6.00;941.828306
-10.38;6.00;920.027769
-10.28;6.00;898.584649
-10.18;6.00;877.494662
-10.08;6.00;856.753565
-9.98;6.00;836.357159
-9.88;6.00;816.301283
-9.78;6.00;796.581820
-9.68;6.00;777.194694
-9.58;6.00;758.135872
-9.48;6.00;739.401359
-9.38;6.00;720.987204
-9.28;6.00;702.889499
-9.18;6.00;685.104375
-9.08;6.00;667.628005
-8.98;6.00;650.456605
-8.88;6.00;633.586432
-8.78;6.00;617.013783
-8.68;6.00;600.734999
-8.58;6.00;584.746462
-8.48;6.00;569.044593
-8.38;6.00;553.625859
-8.28;6.00;538.486765
-8.18;6.00;523.623859
-8.08;6.00;509.033731
-7.98;6.00;494.713012
-7.88;6.00;480.658374
-7.78;6.00;466.866532
-7.68;6.00;453.334241
-7.58;6.00;440.058299
-7.47;6.00;427.035545
-7.37;6.00;414.262860
-7.27;6.00;401.737165
-7.17;6.00;389.455425
-7.07;6.00;377.414645
-6.97;6.00;365.611872
-6.87;6.00;354.044195
-6.77;6.00;342.708743
-6.67;6.00;331.602689
-6.57;6.00;320.723245
-6.47;6.00;310.067667
-6.37;6.00;299.633251
-6.27;6.00;289.417336
-6.17;6.00;279.417301
-6.07;6.00;269.630568
-5.97;6.00;260.054598
-5.87;6.00;250.686898
-5.77;6.00;241.525012
-5.67;6.00;232.566529
-5.57;6.00;223.809078
-5.47;6.00;215.250329
-5.37;6.00;206.887996
-5.27;6.00;198.719832
-5.17;6.00;190.743632
-5.07;6.00;182.957235
-4.97;6.00;175.358519
-4.87;6.00;167.945404
-4.77;6.00;160.715852
-4.67;6.00;153.667867
-4.57;6.00;146.799494
-4.46;6.00;140.108820
-4.36;6.00;133.593973
-4.26;6.00;127.253124
-4.16;6.00;121.084483
-4.06;6.00;115.086304
-3.96;6.00;109.256882
-3.86;6.00;103.594552
-3.76;6.00;98.097694
-3.66;6.00;92.764725
-3.56;6.00;87.594109
-3.46;6.00;82.584346
-3.36;6.00;77.733982
-3.26;6.00;73.041602
-3.16;6.00;68.505835
-3.06;6.00;64.125347
-2.96;6.00;59.898852
-2.86;6.00;55.825100
-2.76;6.00;51.902886
-2.66;6.00;48.131045
-2.56;6.00;44.508454
-2.46;6.00;41.034032
-2.36;6.00;37.706738
-2.26;6.00;34.525576
-2.16;6.00;31.489587
-2.06;6.00;28.597857
-1.96;6.00;25.849513
-1.86;6.00;23.243723
-1.76;6.00;20.779696
-1.66;6.00;18.456684
-1.56;6.00;16.273981
-1.45;6.00;14.230919
-1.35;6.00;12.326876
-1.25;6.00;10.561269
-1.15;6.00;8.933557
-1.05;6.00;7.443242
-0.95;6.00;6.089866
-0.85;6.00;4.873013
-0.75;6.00;3.792309
-0.65;6.00;2.847420
-0.55;6.00;2.038056
-0.45;6.00;1.363968
-0.35;6.00;0.824946
-0.25;6.00;0.420826
-0.15;6.00;0.151482
-0.05;6.00;0.016830
0.05;6.00;0.016830
0.15;6.00;0.151482
0.25;6.00;0.420826
0.35;6.00;0.824946
0.45;6.00;1.363968
0.55;6.00;2.038056
0.65;6.00;2.847420
0.75;6.00;3.792309
0.85;6.00;4.873013
0.95;6.00;6.089866
1.05;6.00;7.443242
1.15;6.00;8.933557
1.25;6.00;10.561269
1.35;6.00;12.326876
1.45;6.00;14.230919
1.56;6.00;16.273981
1.66;6.00;18.456684
1.76;6.00;20.779696
1.86;6.00;23.243723
1.96;6.00;25.849513
2.06;6.00;28.597857
2.16;6.00;31.489587
2.26;6.00;34.525576
2.36;6.00;37.706738
2.46;6.00;41.034032
2.56;6.00;44.508454
2.66;6.00;48.131045
2.76;6.00;51.902886
2.86;6.00;55.825100
2.96;6.00;59.898852
3.06;6.00;64.125347
3.16;6.00;68.505835
3.26;6.00;73.041602
3.36;6.00;77.733982
3.46;6.00;82.584346
3.56;6.00;87.594109
3.66;6.00;92.764725
3.76;6.00;98.097694
3.86;6.00;103.594552
3.96;6.00;109.256882
4.06;6.00;115.086304
4.16;6.00;121.084483
4.26;6.00;127.253124
4.36;6.00;133.593973
4.46;6.00;140.108820
4.57;6.00;146.799494
4.67;6.00;153.667867
4.77;6.00;160.715852
4.87;6.00;167.945404
4.97;6.00;175.358519
5.07;6.00;182.957235
5.17;6.00;190.743632
5.27;6.00;198.719832
5.37;6.00;206.887996
5.47;6.00;215.250329
5.57;6.00;223.809078
5.67;6.00;232.566529
5.77;6.00;241.525012
5.87;6.00;250.686898
5.97;6.00;260.054598
6.07;6.00;269.630568
6.17;6.00;279.417301
6.27;6.00;289.417336
6.37;6.00;299.633251
6.47;6.00;310.067667
6.57;6.00;320.723245
6.67;6.00;331.602689
6.77;6.00;342.708743
6.87;6.00;354.044195
6.97;6.00;365.611872
7.07;6.00;377.414645
7.17;6.00;389.455425
7.27;6.00;401.737165
7.37;6.00;414.262860
7.47;6.00;427.035545
7.58;6.00;440.058299
7.68;6.00;453.334241
7.78;6.00;466.866532
7.88;6.00;480.658374
7.98;6.00;494.713012
8.08;6.00;509.033731
8.18;6.00;523.623859
8.28;6.00;538.486765
8.38;6.00;553.625859
8.48;6.00;569.044593
8.58;6.00;584.746462
8.68;6.00;600.734999
8.78;6.00;617.013783
8.88;6.00;633.586432
8.98;6.00;650.456605
9.08;6.00;667.628005
9.18;6.00;685.104375
9.28;6.00;702.889499
9.38;6.00;720.987204
9.48;6.00;739.401359
9.58;6.00;758.135872
9.68;6.00;777.194694
9.78;6.00;796.581820
9.88;6.00;816.301283
9.98;6.00;836.357159
10.08;6.00;856.753565
10.18;6.00;877.494662
10.28;6.00;898.584649
10.38;6.00;920.027769
10.48;6.00;941.828306
10.59;6.00;963.990586
10.69;6.00;986.518975
10.79;6.00;1009.417883
10.89;6.00;1032.691759
10.99;6.00;1056.345096
11.09;6.00;1080.382427
11.19;6.00;1104.808328
11.29;6.00;1129.627414
11.39;6.00;1154.844345
11.49;6.00;1180.463819
11.59;6.00;1206.490579
11.69;6.00;1232.929408
11.79;6.00;1259.785130
11.89;6.00;1287.062611
11.99;6.00;1314.766760
12.09;6.00;1342.902526
12.19;6.00;1371.474899
12.29;6.00;1400.488912
12.39;6.00;1429.949641
12.49;6.00;1459.862199
12.59;6.00;1490.231745
12.69;6.00;1521.063478
12.79;6.00;1552.362638
12.89;6.00;1584.134508
12.99;6.00;1616.384411
13.09;6.00;1649.117712
13.19;6.00;1682.339819
13.29;6.00;1716.056179
13.39;6.00;1750.272284
13.49;6.00;1784.993664
13.60;6.00;1820.225894
13.70;6.00;1855.974588
13.80;6.00;1892.245402
13.90;6.00;1929.044034
14.00;6.00;1966.376225
14.10;6.00;2004.247756
14.20;6.00;2042.664448
14.30;6.00;2081.632168
14.40;6.00;2121.156820
14.50;6.00;2161.244352
14.60;6.00;2201.900755
14.70;6.00;2243.132057
14.80;6.00;2284.944333
14.90;6.00;2327.343695
15.00;6.00;2370.336300
-15.00;7.00;2751.936300
-14.90;7.00;2703.855752
-14.80;7.00;2656.402594
-14.70;7.00;2609.570670
-14.60;7.00;2563.353866
-14.50;7.00;2517.746110
-14.40;7.00;2472.741370
-14.30;7.00;2428.333659
-14.20;7.00;2384.517027
-14.10;7.00;2341.285569
-14.00;7.00;2298.633421
-13.90;7.00;2256.554760
-13.80;7.00;2215.043804
-13.70;7.00;2174.094815
-13.60;7.00;2133.702092
-13.49;7.00;2093.859981
-13.39;7.00;2054.562867
-13.29;7.00;2015.805175
-13.19;7.00;1977.581375
-13.09;7.00;1939.885976
-12.99;7.00;1902.713530
-12.89;7.00;1866.058629
-12.79;7.00;1829.915909
-12.69;7.00;1794.280046
-12.59;7.00;1759.145757
-12.49;7.00;1724.507803
-12.39;7.00;1690.360983
-12.29;7.00;1656.700141
-12.19;7.00;1623.520160
-12.09;7.00;1590.815967
-11.99;7.00;1558.582530
-11.89;7.00;1526.814856
-11.79;7.00;1495.507997
-11.69;7.00;1464.657044
-11.59;7.00;1434.257132
-11.49;7.00;1404.303436
-11.39;7.00;1374.791173
-11.29;7.00;1345.715601
-11.19;7.00;1317.072021
-11.09;7.00;1288.855773
-10.99;7.00;1261.062243
-10.89;7.00;1233.686853
-10.79;7.00;1206.725072
-10.69;7.00;1180.172406
-10.59;7.00;1154.024406
-10.48;7.00;1128.276664
-10.38;7.00;1102.924810
-10.28;7.00;1077.964522
-10.18;7.00;1053.391513
-10.08;7.00;1029.201542
-9.98;7.00;1005.390409
-9.88;7.00;981.953953
-9.78;7.00;958.888058
-9.68;7.00;936.188648
-9.58;7.00;913.851687
-9.48;7.00;891.873183
-9.38;7.00;870.249186
-9.28;7.00;848.975784
-9.18;7.00;828.049111
-9.08;7.00;807.465340
-8.98;7.00;787.220686
-8.88;7.00;767.311406
-8.78;7.00;747.733798
-8.68;7.00;728.484201
-8.58;7.00;709.558998
-8.48;7.00;690.954612
-8.38;7.00;672.667507
-8.28;7.00;654.694190
-8.18;7.00;637.031208
-8.08;7.00;619.675151
-7.98;7.00;602.622651
-7.88;7.00;585.870378
-7.78;7.00;569.415049
-7.68;7.00;553.253419
-7.58;7.00;537.382284
-7.47;7.00;521.798485
-7.37;7.00;506.498902
-7.27;7.00;491.480457
-7.17;7.00;476.740114
-7.07;7.00;462.274877
-6.97;7.00;448.081796
-6.87;7.00;434.157956
-6.77;7.00;420.500490
-6.67;7.00;407.106569
-6.57;7.00;393.973405
-6.47;7.00;381.098255
-6.37;7.00;368.478414
-6.27;7.00;356.111221
-6.17;7.00;343.994055
-6.07;7.00;332.124338
-5.97;7.00;320.499533
-5.87;7.00;309.117143
-5.77;7.00;297.974716
-5.67;7.00;287.069839
-5.57;7.00;276.400140
-5.47;7.00;265.963292
-5.37;7.00;255.757006
-5.27;7.00;245.779037
-5.17;7.00;236.027180
-5.07;7.00;226.499272
-4.97;7.00;217.193192
-4.87;7.00;208.106860
-4.77;7.00;199.238240
-4.67;7.00;190.585333
-4.57;7.00;182.146186
-4.46;7.00;173.918885
-4.36;7.00;165.901558
-4.26;7.00;158.092376
-4.16;7.00;150.489550
-4.06;7.00;143.091333
-3.96;7.00;135.896020
-3.86;7.00;128.901947
-3.76;7.00;122.107492
-3.66;7.00;115.511075
-3.56;7.00;109.111157
-3.46;7.00;102.906240
-3.36;7.00;96.894868
-3.26;7.00;91.075629
-3.16;7.00;85.447148
-3.06;7.00;80.008096
-2.96;7.00;74.757182
-2.86;7.00;69.693160
-2.76;7.00;64.814822
-2.66;7.00;60.121005
-2.56;7.00;55.610585
-2.46;7.00;51.282481
-2.36;7.00;47.135653
-2.26;7.00;43.169103
-2.16;7.00;39.381874
-2.06;7.00;35.773052
-1.96;7.00;32.341763
-1.86;7.00;29.087174
-1.76;7.00;26.008497
-1.66;7.00;23.104981
-1.56;7.00;20.375921
-1.45;7.00;17.820651
-1.35;7.00;15.438546
-1.25;7.00;13.229024
-1.15;7.00;11.191546
-1.05;7.00;9.325611
-0.95;7.00;7.630762
-0.85;7.00;6.106583
-0.75;7.00;4.752701
-0.65;7.00;3.568781
-0.55;7.00;2.554534
-0.45;7.00;1.709709
-0.35;7.00;1.034099
-0.25;7.00;0.527536
-0.15;7.00;0.189897
-0.05;7.00;0.021099
0.05;7.00;0.021099
0.15;7.00;0.189897
0.25;7.00;0.527536
0.35;7.00;1.034099
0.45;7.00;1.709709
0.55;7.00;2.554534
0.65;7.00;3.568781
0.75;7.00;4.752701
0.85;7.00;6.106583
0.95;7.00;7.630762
1.05;7.00;9.325611
1.15;7.00;11.191546
1.25;7.00;13.229024
1.35;7.00;15.438546
1.45;7.00;17.820651
1.56;7.00;20.375921
1.66;7.00;23.104981
1.76;7.00;26.008497
1.86;7.00;29.087174
1.96;7.00;32.341763
2.06;7.00;35.773052
2.16;7.00;39.381874
2.26;7.00;43.169103
2.36;7.00;47.135653
2.46;7.00;51.282481
2.56;7.00;55.610585
2.66;7.00;60.121005
2.76;7.00;64.814822
2.86;7.00;69.693160
2.96;7.00;74.757182
3.06;7.00;80.008096
3.16;7.00;85.447148
3.26;7.00;91.075629
3.36;7.00;96.894868
3.46;7.00;102.906240
3.56;7.00;109.111157
3.66;7.00;115.511075
3.76;7.00;122.107492
3.86;7.00;128.901947
3.96;7.00;135.896020
4.06;7.00;143.091333
4.16;7.00;150.489550
4.26;7.00;158.092376
4.36;7.00;165.901558
4.46;7.00;173.918885
4.57;7.00;182.146186
4.67;7.00;190.585333
4.77;7.00;199.238240
4.87;7.00;208.106860
4.97;7.00;217.193192
5.07;7.00;226.499272
5.17;7.00;236.027180
5.27;7.00;245.779037
5.37;7.00;255.757006
5.47;7.00;265.963292
5.57;7.00;276.400140
5.67;7.00;287.069839
5.77;7.00;297.974716
5.87;7.00;309.117143
5.97;7.00;320.499533
6.07;7.00;332.124338
6.17;7.00;343.994055
6.27;7.00;356.111221
6.37;7.00;368.478414
6.47;7.00;381.098255
6.57;7.00;393.973405
6.67;7.00;407.106569
6.77;7.00;420.500490
6.87;7.00;434.157956
6.97;7.00;448.081796
7.07;7.00;462.274877
7.17;7.00;476.740114
7.27;7.00;491.480457
7.37;7.00;506.498902
7.47;7.00;521.798485
7.58;7.00;537.382284
7.68;7.00;553.253419
7.78;7.00;569.415049
7.88;7.00;585.870378
7.98;7.00;602.622651
8.08;7.00;619.675151
8.18;7.00;637.031208
8.28;7.00;654.694190
8.38;7.00;672.667507
8.48;7.00;690.954612
8.58;7.00;709.558998
8.68;7.00;728.484201
8.78;7.00;747.733798
8.88;7.00;767.311406
8.98;7.00;787.220686
9.08;7.00;807.465340
9.18;7.00;828.049111
9.28;7.00;848.975784
9.38;7.00;870.249186
9.48;7.00;891.873183
9.58;7.00;913.851687
9.68;7.00;936.188648
9.78;7.00;958.888058
9.88;7.00;981.953953
9.98;7.00;1005.390409
10.08;7.00;1029.201542
10.18;7.00;1053.391513
10.28;7.00;1077.964522
10.38;7.00;1102.924810
10.48;7.00;1128.276664
10.59;7.00;1154.024406
10.69;7.00;1180.172406
10.79;7.00;1206.725072
10.89;7.00;1233.686853
10.99;7.00;1261.062243
11.09;7.00;1288.855773
11.19;7.00;1317.072021
11.29;7.00;1345.715601
11.39;7.00;1374.791173
11.49;7.00;1404.303436
11.59;7.00;1434.257132
11.69;7.00;1464.657044
11.79;7.00;1495.507997
11.89;7.00;1526.814856
11.99;7.00;1558.582530
12.09;7.00;1590.815967
12.19;7.00;1623.520160
12.29;7.00;1656.700141
12.39;7.00;1690.360983
12.49;7.00;1724.507803
12.59;7.00;1759.145757
12.69;7.00;1794.280046
12.79;7.00;1829.915909
12.89;7.00;1866.058629
12.99;7.00;1902.713530
13.09;7.00;1939.885976
13.19;7.00;1977.581375
13.29;7.00;2015.805175
13.39;7.00;2054.562867
13.49;7.00;2093.859981
13.60;7.00;2133.702092
13.70;7.00;2174.094815
13.80;7.00;2215.043804
13.90;7.00;2256.554760
14.00;7.00;2298.633421
14.10;7.00;2341.285569
14.20;7.00;2384.517027
14.30;7.00;2428.333659
14.40;7.00;2472.741370
14.50;7.00;2517.746110
14.60;7.00;2563.353866
14.70;7.00;2609.570670
14.80;7.00;2656.402594
14.90;7.00;2703.855752
15.00;7.00;2751.936300
-15.00;8.00;3133.536300
-14.90;8.00;3080.367809
-14.80;8.00;3027.860855
-14.70;8.00;2976.009282
-14.60;8.00;2924.806977
-14.50;8.00;2874.247867
-14.40;8.00;2824.325921
-14.30;8.00;2775.035150
-14.20;8.00;2726.369606
-14.10;8.00;2678.323383
-14.00;8.00;2630.890618
-13.90;8.00;2584.065486
-13.80;8.00;2537.842207
-13.70;8.00;2492.215041
-13.60;8.00;2447.178291
-13.49;8.00;2402.726298
-13.39;8.00;2358.853450
-13.29;8.00;2315.554171
-13.19;8.00;2272.822932
-13.09;8.00;2230.654240
-12.99;8.00;2189.042649
-12.89;8.00;2147.982751
-12.79;8.00;2107.469181
-12.69;8.00;2067.496614
-12.59;8.00;2028.059770
-12.49;8.00;1989.153406
-12.39;8.00;1950.772325
-12.29;8.00;1912.911369
-12.19;8.00;1875.565421
-12.09;8.00;1838.729409
-11.99;8.00;1802.398299
-11.89;8.00;1766.567100
-11.79;8.00;1731.230863
-11.69;8.00;1696.384680
-11.59;8.00;1662.023685
-11.49;8.00;1628.143053
-11.39;8.00;1594.738001
-11.29;8.00;1561.803788
-11.19;8.00;1529.335713
-11.09;8.00;1497.329119
-10.99;8.00;1465.779389
-10.89;8.00;1434.681947
-10.79;8.00;1404.032261
-10.69;8.00;1373.825837
-10.59;8.00;1344.058227
-10.48;8.00;1314.725021
-10.38;8.00;1285.821852
-10.28;8.00;1257.344394
-10.18;8.00;1229.288364
-10.08;8.00;1201.649519
-9.98;8.00;1174.423659
-9.88;8.00;1147.606624
-9.78;8.00;1121.194296
-9.68;8.00;1095.182601
-9.58;8.00;1069.567502
-9.48;8.00;1044.345008
-9.38;8.00;1019.511167
-9.28;8.00;995.062070
-9.18;8.00;970.993848
-9.08;8.00;947.302676
-8.98;8.00;923.984767
-8.88;8.00;901.036380
-8.78;8.00;878.453812
-8.68;8.00;856.233403
-8.58;8.00;834.371535
-8.48;8.00;812.864631
-8.38;8.00;791.709156
-8.28;8.00;770.901615
-8.18;8.00;750.438557
-8.08;8.00;730.316572
-7.98;8.00;710.532289
-7.88;8.00;691.082383
-7.78;8.00;671.963567
-7.68;8.00;653.172596
-7.58;8.00;634.706270
-7.47;8.00;616.561425
-7.37;8.00;598.734944
-7.27;8.00;581.223748
-7.17;8.00;564.024802
-7.07;8.00;547.135109
-6.97;8.00;530.551719
-6.87;8.00;514.271718
-6.77;8.00;498.292238
-6.67;8.00;482.610449
-6.57;8.00;467.223566
-6.47;8.00;452.128843
-6.37;8.00;437.323577
-6.27;8.00;422.805106
-6.17;8.00;408.570810
-6.07;8.00;394.618109
-5.97;8.00;380.944467
-5.87;8.00;367.547389
-5.77;8.00;354.424420
-5.67;8.00;341.573149
-5.57;8.00;328.991203
-5.47;8.00;316.676255
-5.37;8.00;304.626017
-5.27;8.00;292.838242
-5.17;8.00;281.310727
-5.07;8.00;270.041308
-4.97;8.00;259.027865
-4.87;8.00;248.268317
-4.77;8.00;237.760628
-4.67;8.00;227.502799
-4.57;8.00;217.492878
-4.46;8.00;207.728950
-4.36;8.00;198.209143
-4.26;8.00;188.931628
-4.16;8.00;179.894617
-4.06;8.00;171.096362
-3.96;8.00;162.535158
-3.86;8.00;154.209342
-3.76;8.00;146.117291
-3.66;8.00;138.257425
-3.56;8.00;130.628205
-3.46;8.00;123.228133
-3.36;8.00;116.055755
-3.26;8.00;109.109655
-3.16;8.00;102.388462
-3.06;8.00;95.890845
-2.96;8.00;89.615513
-2.86;8.00;83.561220
-2.76;8.00;77.726758
-2.66;8.00;72.110965
-2.56;8.00;66.712716
-2.46;8.00;61.530930
-2.36;8.00;56.564568
-2.26;8.00;51.812631
-2.16;8.00;47.274162
-2.06;8.00;42.948247
-1.96;8.00;38.834012
-1.86;8.00;34.930626
-1.76;8.00;31.237297
-1.66;8.00;27.753278
-1.56;8.00;24.477862
-1.45;8.00;21.410382
-1.35;8.00;18.550216
-1.25;8.00;15.896780
-1.15;8.00;13.449534
-1.05;8.00;11.207979
-0.95;8.00;9.171657
-0.85;8.00;7.340153
-0.75;8.00;5.713093
-0.65;8.00;4.290142
-0.55;8.00;3.071011
-0.45;8.00;2.055450
-0.35;8.00;1.243251
-0.25;8.00;0.634247
-0.15;8.00;0.228313
-0.05;8.00;0.025367
0.05;8.00;0.025367
0.15;8.00;0.228313
0.25;8.00;0.634247
0.35;8.00;1.243251
0.45;8.00;2.055450
0.55;8.00;3.071011
0.65;8.00;4.290142
0.75;8.00;5.713093
0.85;8.00;7.340153
0.95;8.00;9.171657
1.05;8.00;11.207979
1.15;8.00;13.449534
1.25;8.00;15.896780
1.35;8.00;18.550216
1.45;8.00;21.410382
1.56;8.00;24.477862
1.66;8.00;27.753278
1.76;8.00;31.237297
1.86;8.00;34.930626
1.96;8.00;38.834012
2.06;8.00;42.948247
2.16;8.00;47.274162
2.26;8.00;51.812631
2.36;8.00;56.564568
2.46;8.00;61.530930
2.56;8.00;66.712716
2.66;8.00;72.110965
2.76;8.00;77.726758
2.86;8.00;83.561220
2.96;8.00;89.615513
3.06;8.00;95.890845
3.16;8.00;102.388462
3.26;8.00;109.109655
3.36;8.00;116.055755
3.46;8.00;123.228133
3.56;8.00;130.628205
3.66;8.00;138.257425
3.76;8.00;146.117291
3.86;8.00;154.209342
3.96;8.00;162.535158
4.06;8.00;171.096362
4.16;8.00;179.894617
4.26;8.00;188.931628
4.36;8.00;198.209143
4.46;8.00;207.728950
4.57;8.00;217.492878
4.67;8.00;227.502799
4.77;8.00;237.760628
4.87;8.00;248.268317
4.97;8.00;259.027865
5.07;8.00;270.041308
5.17;8.00;281.310727
5.27;8.00;292.838242
5.37;8.00;304.626017
5.47;8.00;316.676255
5.57;8.00;328.991203
5.67;8.00;341.573149
5.77;8.00;354.424420
5.87;8.00;367.547389
5.97;8.00;380.944467
6.07;8.00;394.618109
6.17;8.00;408.570810
6.27;8.00;422.805106
6.37;8.00;437.323577
6.47;8.00;452.128843
6.57;8.00;467.223566
6.67;8.00;482.610449
6.77;8.00;498.292238
6.87;8.00;514.271718
6.97;8.00;530.551719
7.07;8.00;547.135109
7.17;8.00;564.024802
7.27;8.00;581.223748
7.37;8.00;598.734944
7.47;8.00;616.561425
7.58;8.00;634.706270
7.68;8.00;653.172596
7.78;8.00;671.963567
7.88;8.00;691.082383
7.98;8.00;710.532289
8.08;8.00;730.316572
8.18;8.00;750.438557
8.28;8.00;770.901615
8.38;8.00;791.709156
8.48;8.00;812.864631
8.58;8.00;834.371535
8.68;8.00;856.233403
8.78;8.00;878.453812
8.88;8.00;901.036380
8.98;8.00;923.984767
9.08;8.00;947.302676
9.18;8.00;970.993848
9.28;8.00;995.062070
9.38;8.00;1019.511167
9.48;8.00;1044.345008
9.58;8.00;1069.567502
9.68;8.00;1095.182601
9.78;8.00;1121.194296
9.88;8.00;1147.606624
9.98;8.00;1174.423659
10.08;8.00;1201.649519
10.18;8.00;1229.288364
10.28;8.00;1257.344394
10.38;8.00;1285.821852
10.48;8.00;1314.725021
10.59;8.00;1344.058227
10.69;8.00;1373.825837
10.79;8.00;1404.032261
10.89;8.00;1434.681947
10.99;8.00;1465.779389
11.09;8.00;1497.329119
11.19;8.00;1529.335713
11.29;8.00;1561.803788
11.39;8.00;1594.738001
11.49;8.00;1628.143053
11.59;8.00;1662.023685
11.69;8.00;1696.384680
11.79;8.00;1731.230863
11.89;8.00;1766.567100
11.99;8.00;1802.398299
12.09;8.00;1838.729409
12.19;8.00;1875.565421
12.29;8.00;1912.911369
12.39;8.00;1950.772325
12.49;8.00;1989.153406
12.59;8.00;2028.059770
12.69;8.00;2067.496614
12.79;8.00;2107.469181
12.89;8.00;2147.982751
12.99;8.00;2189.042649
13.09;8.00;2230.654240
13.19;8.00;2272.822932
13.29;8.00;2315.554171
13.39;8.00;2358.853450
13.49;8.00;2402.726298
13.60;8.00;2447.178291
13.70;8.00;2492.215041
13.80;8.00;2537.842207
13.90;8.00;2584.065486
14.00;8.00;2630.890618
14.10;8.00;2678.323383
14.20;8.00;2726.369606
14.30;8.00;2775.035150
14.40;8.00;2824.325921
14.50;8.00;2874.247867
14.60;8.00;2924.806977
14.70;8.00;2976.009282
14.80;8.00;3027.860855
14.90;8.00;3080.367809
15.00;8.00;3133.536300
-15.00;9.00;3515.136300
-14.90;9.00;3456.879866
-14.80;9.00;3399.319116
-14.70;9.00;3342.447895
-14.60;9.00;3286.260088
-14.50;9.00;3230.749624
-14.40;9.00;3175.910471
-14.30;9.00;3121.736641
-14.20;9.00;3068.222185
-14.10;9.00;3015.361197
-14.00;9.00;2963.147814
-13.90;9.00;2911.576212
-13.80;9.00;2860.640610
-13.70;9.00;2810.335268
-13.60;9.00;2760.654489
-13.49;9.00;2711.592615
-13.39;9.00;2663.144033
-13.29;9.00;2615.303167
-13.19;9.00;2568.064488
-13.09;9.00;2521.422505
-12.99;9.00;2475.371769
-12.89;9.00;2429.906873
-12.79;9.00;2385.022452
-12.69;9.00;2340.713182
-12.59;9.00;2296.973782
-12.49;9.00;2253.799010
-12.39;9.00;2211.183667
-12.29;9.00;2169.122597
-12.19;9.00;2127.610683
-12.09;9.00;2086.642851
-11.99;9.00;2046.214068
-11.89;9.00;2006.319345
-11.79;9.00;1966.953730
-11.69;9.00;1928.112317
-11.59;9.00;1889.790238
-11.49;9.00;1851.982670
-11.39;9.00;1814.684830
-11.29;9.00;1777.891975
-11.19;9.00;1741.599406
-11.09;9.00;1705.802465
-10.99;9.00;1670.496535
-10.89;9.00;1635.677041
-10.79;9.00;1601.339450
-10.69;9.00;1567.479269
-10.59;9.00;1534.092048
-10.48;9.00;1501.173378
-10.38;9.00;1468.718893
-10.28;9.00;1436.724267
-10.18;9.00;1405.185216
-10.08;9.00;1374.097497
-9.98;9.00;1343.456909
-9.88;9.00;1313.259294
-9.78;9.00;1283.500535
-9.68;9.00;1254.176554
-9.58;9.00;1225.283317
-9.48;9.00;1196.816833
-9.38;9.00;1168.773148
-9.28;9.00;1141.148355
-9.18;9.00;1113.938585
-9.08;9.00;1087.140011
-8.98;9.00;1060.748848
-8.88;9.00;1034.761354
-8.78;9.00;1009.173826
-8.68;9.00;983.982605
-8.58;9.00;959.184072
-8.48;9.00;934.774650
-8.38;9.00;910.750804
-8.28;9.00;887.109040
-8.18;9.00;863.845906
-8.08;9.00;840.957992
-7.98;9.00;818.441928
-7.88;9.00;796.294387
-7.78;9.00;774.512084
-7.68;9.00;753.091774
-7.58;9.00;732.030255
-7.47;9.00;711.324365
-7.37;9.00;690.970986
-7.27;9.00;670.967040
-7.17;9.00;651.309490
-7.07;9.00;631.995341
-6.97;9.00;613.021642
-6.87;9.00;594.385480
-6.77;9.00;576.083985
-6.67;9.00;558.114329
-6.57;9.00;540.473727
-6.47;9.00;523.159431
-6.37;9.00;506.168740
-6.27;9.00;489.498991
-6.17;9.00;473.147564
-6.07;9.00;457.111880
-5.97;9.00;441.389402
-5.87;9.00;425.977635
-5.77;9.00;410.874124
-5.67;9.00;396.076458
-5.57;9.00;381.582266
-5.47;9.00;367.389218
-5.37;9.00;353.495027
-5.27;9.00;339.897447
-5.17;9.00;326.594274
-5.07;9.00;313.583344
-4.97;9.00;300.862538
-4.87;9.00;288.429774
-4.77;9.00;276.283016
-4.67;9.00;264.420266
-4.57;9.00;252.839570
-4.46;9.00;241.539014
-4.36;9.00;230.516728
-4.26;9.00;219.770881
-4.16;9.00;209.299684
-4.06;9.00;199.101391
-3.96;9.00;189.174296
-3.86;9.00;179.516736
-3.76;9.00;170.127089
-3.66;9.00;161.003774
-3.56;9.00;152.145252
-3.46;9.00;143.550027
-3.36;9.00;135.216641
-3.26;9.00;127.143682
-3.16;9.00;119.329776
-3.06;9.00;111.773593
-2.96;9.00;104.473843
-2.86;9.00;97.429279
-2.76;9.00;90.638694
-2.66;9.00;84.100925
-2.56;9.00;77.814847
-2.46;9.00;71.779379
-2.36;9.00;65.993482
-2.26;9.00;60.456158
-2.16;9.00;55.166450
-2.06;9.00;50.123442
-1.96;9.00;45.326262
-1.86;9.00;40.774077
-1.76;9.00;36.466098
-1.66;9.00;32.401575
-1.56;9.00;28.579803
-1.45;9.00;25.000114
-1.35;9.00;21.661885
-1.25;9.00;18.564535
-1.15;9.00;15.707522
-1.05;9.00;13.090347
-0.95;9.00;10.712553
-0.85;9.00;8.573723
-0.75;9.00;6.673485
-0.65;9.00;5.011503
-0.55;9.00;3.587489
-0.45;9.00;2.401191
-0.35;9.00;1.452403
-0.25;9.00;0.740957
-0.15;9.00;0.266729
-0.05;9.00;0.029636
0.05;9.00;0.029636
0.15;9.00;0.266729
0.25;9.00;0.740957
0.35;9.00;1.452403
0.45;9.00;2.401191
0.55;9.00;3.587489
0.65;9.00;5.011503
0.75;9.00;6.673485
0.85;9.00;8.573723
0.95;9.00;10.712553
1.05;9.00;13.090347
1.15;9.00;15.707522
1.25;9.00;18.564535
1.35;9.00;21.661885
1.45;9.00;25.000114
1.56;9.00;28.579803
1.66;9.00;32.401575
1.76;9.00;36.466098
1.86;9.00;40.774077
1.96;9.00;45.326262
2.06;9.00;50.123442
2.16;9.00;55.166450
2.26;9.00;60.456158
2.36;9.00;65.993482
2.46;9.00;71.779379
2.56;9.00;77.814847
2.66;9.00;84.100925
2.76;9.00;90.638694
2.86;9.00;97.429279
2.96;9.00;104.473843
3.06;9.00;111.773593
3.16;9.00;119.329776
3.26;9.00;127.143682
3.36;9.00;135.216641
3.46;9.00;143.550027
3.56;9.00;152.145252
3.66;9.00;161.003774
3.76;9.00;170.127089
3.86;9.00;179.516736
3.96;9.00;189.174296
4.06;9.00;199.101391
4.16;9.00;209.299684
4.26;9.00;219.770881
4.36;9.00;230.516728
4.46;9.00;241.539014
4.57;9.00;252.839570
4.67;9.00;264.420266
4.77;9.00;276.283016
4.87;9.00;288.429774
4.97;9.00;300.862538
5.07;9.00;313.583344
5.17;9.00;326.594274
5.27;9.00;339.897447
5.37;9.00;353.495027
5.47;9.00;367.389218
5.57;9.00;381.582266
5.67;9.00;396.076458
5.77;9.00;410.874124
5.87;9.00;425.977635
5.97;9.00;441.389402
6.07;9.00;457.111880
6.17;9.00;473.147564
6.27;9.00;489.498991
6.37;9.00;506.168740
6.47;9.00;523.159431
6.57;9.00;540.473727
6.67;9.00;558.114329
6.77;9.00;576.083985
6.87;9.00;594.385480
6.97;9.00;613.021642
7.07;9.00;631.995341
7.17;9.00;651.309490
7.27;9.00;670.967040
7.37;9.00;690.970986
7.47;9.00;711.324365
7.58;9.00;732.030255
7.68;9.00;753.091774
7.78;9.00;774.512084
7.88;9.00;796.294387
7.98;9.00;818.441928
8.08;9.00;840.957992
8.18;9.00;863.845906
8.28;9.00;887.109040
8.38;9.00;910.750804
8.48;9.00;934.774650
8.58;9.00;959.184072
8.68;9.00;983.982605
8.78;9.00;1009.173826
8.88;9.00;1034.761354
8.98;9.00;1060.748848
9.08;9.00;1087.140011
9.18;9.00;1113.938585
9.28;9.00;1141.148355
9.38;9.00;1168.773148
9.48;9.00;1196.816833
9.58;9.00;1225.283317
9.68;9.00;1254.176554
9.78;9.00;1283.500535
9.88;9.00;1313.259294
9.98;9.00;1343.456909
10.08;9.00;1374.097497
10.18;9.00;1405.185216
10.28;9.00;1436.724267
10.38;9.00;1468.718893
10.48;9.00;1501.173378
10.59;9.00;1534.092048
10.69;9.00;1567.479269
10.79;9.00;1601.339450
10.89;9.00;1635.677041
10.99;9.00;1670.496535
11.09;9.00;1705.802465
11.19;9.00;1741.599406
11.29;9.00;1777.891975
11.39;9.00;1814.684830
11.49;9.00;1851.982670
11.59;9.00;1889.790238
11.69;9.00;1928.112317
11.79;9.00;1966.953730
11.89;9.00;2006.319345
11.99;9.00;2046.214068
12.09;9.00;2086.642851
12.19;9.00;2127.610683
12.29;9.00;2169.122597
12.39;9.00;2211.183667
12.49;9.00;2253.799010
12.59;9.00;2296.973782
12.69;9.00;2340.713182
12.79;9.00;2385.022452
12.89;9.00;2429.906873
12.99;9.00;2475.371769
13.09;9.00;2521.422505
13.19;9.00;2568.064488
13.29;9.00;2615.303167
13.39;9.00;2663.144033
13.49;9.00;2711.592615
13.60;9.00;2760.654489
13.70;9.00;2810.335268
13.80;9.00;2860.640610
13.90;9.00;2911.576212
14.00;9.00;2963.147814
14.10;9.00;3015.361197
14.20;9.00;3068.222185
14.30;9.00;3121.736641
14.40;9.00;3175.910471
14.50;9.00;3230.749624
14.60;9.00;3286.260088
14.70;9.00;3342.447895
14.80;9.00;3399.319116
14.90;9.00;3456.879866
15.00;9.00;3515.136300
-15.00;10.00;3896.736300
-14.90;10.00;3833.391923
-14.80;10.00;3770.777377
-14.70;10.00;3708.886507
-14.60;10.00;3647.713200
-14.50;10.00;3587.251381
-14.40;10.00;3527.495022
-14.30;10.00;3468.438132
-14.20;10.00;3410.074763
-14.10;10.00;3352.399011
-14.00;10.00;3295.405010
-13.90;10.00;3239.086938
-13.80;10.00;3183.439013
-13.70;10.00;3128.455495
-13.60;10.00;3074.130687
-13.49;10.00;3020.458932
-13.39;10.00;2967.434615
-13.29;10.00;2915.052164
-13.19;10.00;2863.306045
-13.09;10.00;2812.190769
-12.99;10.00;2761.700888
-12.89;10.00;2711.830994
-12.79;10.00;2662.575723
-12.69;10.00;2613.929750
-12.59;10.00;2565.887794
-12.49;10.00;2518.444613
-12.39;10.00;2471.595009
-12.29;10.00;2425.333825
-12.19;10.00;2379.655944
-12.09;10.00;2334.556292
-11.99;10.00;2290.029838
-11.89;10.00;2246.071589
-11.79;10.00;2202.676597
-11.69;10.00;2159.839953
-11.59;10.00;2117.556791
-11.49;10.00;2075.822287
-11.39;10.00;2034.631658
-11.29;10.00;1993.980162
-11.19;10.00;1953.863099
-11.09;10.00;1914.275811
-10.99;10.00;1875.213682
-10.89;10.00;1836.672135
-10.79;10.00;1798.646639
-10.69;10.00;1761.132700
-10.59;10.00;1724.125868
-10.48;10.00;1687.621736
-10.38;10.00;1651.615935
-10.28;10.00;1616.104140
-10.18;10.00;1581.082067
-10.08;10.00;1546.545474
-9.98;10.00;1512.490159
-9.88;10.00;1478.911965
-9.78;10.00;1445.806773
-9.68;10.00;1413.170507
-9.58;10.00;1380.999133
-9.48;10.00;1349.288657
-9.38;10.00;1318.035130
-9.28;10.00;1287.234641
-9.18;10.00;1256.883321
-9.08;10.00;1226.977346
-8.98;10.00;1197.512929
-8.88;10.00;1168.486328
-8.78;10.00;1139.893841
-8.68;10.00;1111.731807
-8.58;10.00;1083.996609
-8.48;10.00;1056.684669
-8.38;10.00;1029.792452
-8.28;10.00;1003.316465
-8.18;10.00;977.253255
-8.08;10.00;951.599412
-7.98;10.00;926.351566
-7.88;10.00;901.506391
-7.78;10.00;877.060601
-7.68;10.00;853.010952
-7.58;10.00;829.354240
-7.47;10.00;806.087305
-7.37;10.00;783.207028
-7.27;10.00;760.710331
-7.17;10.00;738.594178
-7.07;10.00;716.855573
-6.97;10.00;695.491565
-6.87;10.00;674.499241
-6.77;10.00;653.875732
-6.67;10.00;633.618210
-6.57;10.00;613.723887
-6.47;10.00;594.190019
-6.37;10.00;575.013903
-6.27;10.00;556.192876
-6.17;10.00;537.724318
-6.07;10.00;519.605651
-5.97;10.00;501.834337
-5.87;10.00;484.407881
-5.77;10.00;467.323829
-5.67;10.00;450.579768
-5.57;10.00;434.173329
-5.47;10.00;418.102181
-5.37;10.00;402.364038
-5.27;10.00;386.956652
-5.17;10.00;371.877821
-5.07;10.00;357.125381
-4.97;10.00;342.697211
-4.87;10.00;328.591231
-4.77;10.00;314.805403
-4.67;10.00;301.337732
-4.57;10.00;288.186262
-4.46;10.00;275.349079
-4.36;10.00;262.824313
-4.26;10.00;250.610133
-4.16;10.00;238.704751
-4.06;10.00;227.106420
-3.96;10.00;215.813435
-3.86;10.00;204.824131
-3.76;10.00;194.136888
-3.66;10.00;183.750124
-3.56;10.00;173.662300
-3.46;10.00;163.871920
-3.36;10.00;154.377528
-3.26;10.00;145.177708
-3.16;10.00;136.271090
-3.06;10.00;127.656342
-2.96;10.00;119.332174
-2.86;10.00;111.297339
-2.76;10.00;103.550631
-2.66;10.00;96.090884
-2.56;10.00;88.916977
-2.46;10.00;82.027828
-2.36;10.00;75.422397
-2.26;10.00;69.099685
-2.16;10.00;63.058737
-2.06;10.00;57.298637
-1.96;10.00;51.818511
-1.86;10.00;46.617529
-1.76;10.00;41.694899
-1.66;10.00;37.049872
-1.56;10.00;32.681743
-1.45;10.00;28.589846
-1.35;10.00;24.773555
-1.25;10.00;21.232290
-1.15;10.00;17.965510
-1.05;10.00;14.972715
-0.95;10.00;12.253448
-0.85;10.00;9.807294
-0.75;10.00;7.633876
-0.65;10.00;5.732864
-0.55;10.00;4.103966
-0.45;10.00;2.746932
-0.35;10.00;1.661555
-0.25;10.00;0.847667
-0.15;10.00;0.305145
-0.05;10.00;0.033904
0.05;10.00;0.033904
0.15;10.00;0.305145
0.25;10.00;0.847667
0.35;10.00;1.661555
0.45;10.00;2.746932
0.55;10.00;4.103966
0.65;10.00;5.732864
0.75;10.00;7.633876
0.85;10.00;9.807294
0.95;10.00;12.253448
1.05;10.00;14.972715
1.15;10.00;17.965510
1.25;10.00;21.232290
1.35;10.00;24.773555
1.45;10.00;28.589846
1.56;10.00;32.681743
1.66;10.00;37.049872
1.76;10.00;41.694899
1.86;10.00;46.617529
1.96;10.00;51.818511
2.06;10.00;57.298637
2.16;10.00;63.058737
2.26;10.00;69.099685
2.36;10.00;75.422397
2.46;10.00;82.027828
2.56;10.00;88.916977
2.66;10.00;96.090884
2.76;10.00;103.550631
2.86;10.00;111.297339
2.96;10.00;119.332174
3.06;10.00;127.656342
3.16;10.00;136.271090
3.26;10.00;145.177708
3.36;10.00;154.377528
3.46;10.00;163.871920
3.56;10.00;173.662300
3.66;10.00;183.750124
3.76;10.00;194.136888
3.86;10.00;204.824131
3.96;10.00;215.813435
4.06;10.00;227.106420
4.16;10.00;238.704751
4.26;10.00;250.610133
4.36;10.00;262.824313
4.46;10.00;275.349079
4.57;10.00;288.186262
4.67;10.00;301.337732
4.77;10.00;314.805403
4.87;10.00;328.591231
4.97;10.00;342.697211
5.07;10.00;357.125381
5.17;10.00;371.877821
5.27;10.00;386.956652
5.37;10.00;402.364038
5.47;10.00;418.102181
5.57;10.00;434.173329
5.67;10.00;450.579768
5.77;10.00;467.323829
5.87;10.00;484.407881
5.97;10.00;501.834337
6.07;10.00;519.605651
6.17;10.00;537.724318
6.27;10.00;556.192876
6.37;10.00;575.013903
6.47;10.00;594.190019
6.57;10.00;613.723887
6.67;10.00;633.618210
6.77;10.00;653.875732
6.87;10.00;674.499241
6.97;10.00;695.491565
7.07;10.00;716.855573
7.17;10.00;738.594178
7.27;10.00;760.710331
7.37;10.00;783.207028
7.47;10.00;806.087305
7.58;10.00;829.354240
7.68;10.00;853.010952
7.78;10.00;877.060601
7.88;10.00;901.506391
7.98;10.00;926.351566
8.08;10.00;951.599412
8.18;10.00;977.253255
8.28;10.00;1003.316465
8.38;10.00;1029.792452
8.48;10.00;1056.684669
8.58;10.00;1083.996609
8.68;10.00;1111.731807
8.78;10.00;1139.893841
8.88;10.00;1168.486328
8.98;10.00;1197.512929
9.08;10.00;1226.977346
9.18;10.00;1256.883321
9.28;10.00;1287.234641
9.38;10.00;1318.035130
9.48;10.00;1349.288657
9.58;10.00;1380.999133
9.68;10.00;1413.170507
9.78;10.00;1445.806773
9.88;10.00;1478.911965
9.98;10.00;1512.490159
10.08;10.00;1546.545474
10.18;10.00;1581.082067
10.28;10.00;1616.104140
10.38;10.00;1651.615935
10.48;10.00;1687.621736
10.59;10.00;1724.125868
10.69;10.00;1761.132700
10.79;10.00;1798.646639
10.89;10.00;1836.672135
10.99;10.00;1875.213682
11.09;10.00;1914.275811
11.19;10.00;1953.863099
11.29;10.00;1993.980162
11.39;10.00;2034.631658
11.49;10.00;2075.822287
11.59;10.00;2117.556791
11.69;10.00;2159.839953
11.79;10.00;2202.676597
11.89;10.00;2246.071589
11.99;10.00;2290.029838
12.09;10.00;2334.556292
12.19;10.00;2379.655944
12.29;10.00;2425.333825
12.39;10.00;2471.595009
12.49;10.00;2518.444613
12.59;10.00;2565.887794
12.69;10.00;2613.929750
12.79;10.00;2662.575723
12.89;10.00;2711.830994
12.99;10.00;2761.700888
13.09;10.00;2812.190769
13.19;10.00;2863.306045
13.29;10.00;2915.052164
13.39;10.00;2967.434615
13.49;10.00;3020.458932
13.60;10.00;3074.130687
13.70;10.00;3128.455495
13.80;10.00;3183.439013
13.90;10.00;3239.086938
14.00;10.00;3295.405010
14.10;10.00;3352.399011
14.20;10.00;3410.074763
14.30;10.00;3468.438132
14.40;10.00;3527.495022
14.50;10.00;3587.251381
14.60;10.00;3647.713200
14.70;10.00;3708.886507
14.80;10.00;3770.777377
14.90;10.00;3833.391923
15.00;10.00;3896.736300
